client_code,top_products,top1,top1_benefit,top2,top2_benefit,top3,top3_benefit,top4,top4_benefit,push_top1
38,"[('–ü—Ä–µ–º–∏–∞–ª—å–Ω–∞—è –∫–∞—Ä—Ç–∞', 89578.0287), ('–î–µ–ø–æ–∑–∏—Ç –°–±–µ—Ä–µ–≥–∞—Ç–µ–ª—å–Ω—ã–π', 80006.78125), ('–î–µ–ø–æ–∑–∏—Ç –ù–∞–∫–æ–ø–∏—Ç–µ–ª—å–Ω—ã–π', 75157.88541666667), ('–î–µ–ø–æ–∑–∏—Ç –ú—É–ª—å—Ç–∏–≤–∞–ª—é—Ç–Ω—ã–π', 70308.98958333333)]",–ü—Ä–µ–º–∏–∞–ª—å–Ω–∞—è –∫–∞—Ä—Ç–∞,89578.0287,–î–µ–ø–æ–∑–∏—Ç –°–±–µ—Ä–µ–≥–∞—Ç–µ–ª—å–Ω—ã–π,80006.78125,–î–µ–ø–æ–∑–∏—Ç –ù–∞–∫–æ–ø–∏—Ç–µ–ª—å–Ω—ã–π,75157.88541666667,–î–µ–ø–æ–∑–∏—Ç –ú—É–ª—å—Ç–∏–≤–∞–ª—é—Ç–Ω—ã–π,70308.98958333333,"–ê–ª–µ–∫—Å–∞–Ω–¥—Ä, –≤–æ—Å–ø–æ–ª—å–∑—É–π—Ç–µ—Å—å —ç—Ç–æ–π –≤—ã–≥–æ–¥–æ–π –Ω–∞ 89578 ‚Ç∏: –í–∞—à —Å—Ç–∞—Ç—É—Å –ø—Ä–µ–º–∏–∞–ª—å–Ω—ã–π –ø–æ–∑–≤–æ–ª—è–µ—Ç. –ê–∫—Ç–∏–≤–∏—Ä—É–π—Ç–µ –∫–∞—Ä—Ç—É —Å–µ–≥–æ–¥–Ω—è!"
41,"[('–ü—Ä–µ–º–∏–∞–ª—å–Ω–∞—è –∫–∞—Ä—Ç–∞', 72221.094), ('–ö—Ä–µ–¥–∏—Ç–Ω–∞—è –∫–∞—Ä—Ç–∞', 52234.52865000001), ('–î–µ–ø–æ–∑–∏—Ç –°–±–µ—Ä–µ–≥–∞—Ç–µ–ª—å–Ω—ã–π', 16009.303750000001), ('–î–µ–ø–æ–∑–∏—Ç –ù–∞–∫–æ–ø–∏—Ç–µ–ª—å–Ω—ã–π', 15039.042916666667)]",–ü—Ä–µ–º–∏–∞–ª—å–Ω–∞—è –∫–∞—Ä—Ç–∞,72221.094,–ö—Ä–µ–¥–∏—Ç–Ω–∞—è –∫–∞—Ä—Ç–∞,52234.52865000001,–î–µ–ø–æ–∑–∏—Ç –°–±–µ—Ä–µ–≥–∞—Ç–µ–ª—å–Ω—ã–π,16009.303750000001,–î–µ–ø–æ–∑–∏—Ç –ù–∞–∫–æ–ø–∏—Ç–µ–ª—å–Ω—ã–π,15039.042916666667,"–ê—Ä–∫–∞–¥–∏–π, –≤—ã–≥–æ–¥–∞ –æ—Ç –ü—Ä–µ–º–∏–∞–ª—å–Ω–æ–π –∫–∞—Ä—Ç—ã —Å–æ—Å—Ç–∞–≤–ª—è–µ—Ç 72 221 —Ç–µ–Ω–≥–µ! –ê–∫—Ç–∏–≤–∏—Ä—É–π—Ç–µ –∫–∞—Ä—Ç—É —Å–µ–≥–æ–¥–Ω—è –∏ –Ω–∞—Å–ª–∞–∂–¥–∞–π—Ç–µ—Å—å –ø—Ä–µ–∏–º—É—â–µ—Å—Ç–≤–∞–º–∏."
10,"[('–ü—Ä–µ–º–∏–∞–ª—å–Ω–∞—è –∫–∞—Ä—Ç–∞', 87586.0422), ('–ö—Ä–µ–¥–∏—Ç–Ω–∞—è –∫–∞—Ä—Ç–∞', 49054.9761), ('–î–µ–ø–æ–∑–∏—Ç –°–±–µ—Ä–µ–≥–∞—Ç–µ–ª—å–Ω—ã–π', 17563.21875), ('–ö–∞—Ä—Ç–∞ –¥–ª—è –ø—É—Ç–µ—à–µ—Å—Ç–≤–∏–π', 17214.188400000003)]",–ü—Ä–µ–º–∏–∞–ª—å–Ω–∞—è –∫–∞—Ä—Ç–∞,87586.0422,–ö—Ä–µ–¥–∏—Ç–Ω–∞—è –∫–∞—Ä—Ç–∞,49054.9761,–î–µ–ø–æ–∑–∏—Ç –°–±–µ—Ä–µ–≥–∞—Ç–µ–ª—å–Ω—ã–π,17563.21875,–ö–∞—Ä—Ç–∞ –¥–ª—è –ø—É—Ç–µ—à–µ—Å—Ç–≤–∏–π,17214.188400000003,"Ivan, –≤—ã–≥–æ–¥–∞ –æ—Ç –ü—Ä–µ–º–∏–∞–ª—å–Ω–æ–π –∫–∞—Ä—Ç—ã - 87586‚Ç∏. –ê–∫—Ç–∏–≤–∏—Ä—É–π—Ç–µ –∫–∞—Ä—Ç—É —Å–µ–≥–æ–¥–Ω—è!"
58,"[('–ö—Ä–µ–¥–∏—Ç–Ω–∞—è –∫–∞—Ä—Ç–∞', 51427.8159), ('–ü—Ä–µ–º–∏–∞–ª—å–Ω–∞—è –∫–∞—Ä—Ç–∞', 48742.626), ('–ö–∞—Ä—Ç–∞ –¥–ª—è –ø—É—Ç–µ—à–µ—Å—Ç–≤–∏–π', 13532.0196), ('–î–µ–ø–æ–∑–∏—Ç –°–±–µ—Ä–µ–≥–∞—Ç–µ–ª—å–Ω—ã–π', 857.10625)]",–ö—Ä–µ–¥–∏—Ç–Ω–∞—è –∫–∞—Ä—Ç–∞,51427.8159,–ü—Ä–µ–º–∏–∞–ª—å–Ω–∞—è –∫–∞—Ä—Ç–∞,48742.626,–ö–∞—Ä—Ç–∞ –¥–ª—è –ø—É—Ç–µ—à–µ—Å—Ç–≤–∏–π,13532.0196,–î–µ–ø–æ–∑–∏—Ç –°–±–µ—Ä–µ–≥–∞—Ç–µ–ª—å–Ω—ã–π,857.10625,–ö—Ä–µ–¥–∏—Ç–Ω–∞—è –∫–∞—Ä—Ç–∞: –≤—ã–≥–æ–¥–∞ ‚âà51428 ‚Ç∏. –ü–æ–¥—Ä–æ–±–Ω–µ–µ –≤ –ø—Ä–∏–ª–æ–∂–µ–Ω–∏–∏.
42,"[('–ü—Ä–µ–º–∏–∞–ª—å–Ω–∞—è –∫–∞—Ä—Ç–∞', 94802.40959999998), ('–ö—Ä–µ–¥–∏—Ç–Ω–∞—è –∫–∞—Ä—Ç–∞', 73054.74105), ('–î–µ–ø–æ–∑–∏—Ç –°–±–µ—Ä–µ–≥–∞—Ç–µ–ª—å–Ω—ã–π', 40535.385), ('–î–µ–ø–æ–∑–∏—Ç –ù–∞–∫–æ–ø–∏—Ç–µ–ª—å–Ω—ã–π', 38078.695)]",–ü—Ä–µ–º–∏–∞–ª—å–Ω–∞—è –∫–∞—Ä—Ç–∞,94802.40959999998,–ö—Ä–µ–¥–∏—Ç–Ω–∞—è –∫–∞—Ä—Ç–∞,73054.74105,–î–µ–ø–æ–∑–∏—Ç –°–±–µ—Ä–µ–≥–∞—Ç–µ–ª—å–Ω—ã–π,40535.385,–î–µ–ø–æ–∑–∏—Ç –ù–∞–∫–æ–ø–∏—Ç–µ–ª—å–Ω—ã–π,38078.695,–ü—Ä–µ–º–∏–∞–ª—å–Ω–∞—è –∫–∞—Ä—Ç–∞: –≤—ã–≥–æ–¥–∞ ‚âà94802 ‚Ç∏. –ü–æ–¥—Ä–æ–±–Ω–µ–µ –≤ –ø—Ä–∏–ª–æ–∂–µ–Ω–∏–∏.
40,"[('–ö—Ä–µ–¥–∏—Ç–Ω–∞—è –∫–∞—Ä—Ç–∞', 51569.8005), ('–ü—Ä–µ–º–∏–∞–ª—å–Ω–∞—è –∫–∞—Ä—Ç–∞', 49211.9822), ('–ö–∞—Ä—Ç–∞ –¥–ª—è –ø—É—Ç–µ—à–µ—Å—Ç–≤–∏–π', 15093.202800000001), ('–î–µ–ø–æ–∑–∏—Ç –°–±–µ—Ä–µ–≥–∞—Ç–µ–ª—å–Ω—ã–π', 1183.765)]",–ö—Ä–µ–¥–∏—Ç–Ω–∞—è –∫–∞—Ä—Ç–∞,51569.8005,–ü—Ä–µ–º–∏–∞–ª—å–Ω–∞—è –∫–∞—Ä—Ç–∞,49211.9822,–ö–∞—Ä—Ç–∞ –¥–ª—è –ø—É—Ç–µ—à–µ—Å—Ç–≤–∏–π,15093.202800000001,–î–µ–ø–æ–∑–∏—Ç –°–±–µ—Ä–µ–≥–∞—Ç–µ–ª—å–Ω—ã–π,1183.765,"–ê–ª–µ–∫—Å–∞–Ω–¥—Ä, –≤–æ—Å–ø–æ–ª—å–∑—É–π—Ç–µ—Å—å –≤–æ–∑–º–æ–∂–Ω–æ—Å—Ç—å—é –í–∞—à–µ–≥–æ —Å—Ç–∞—Ç—É—Å–∞ –ø—Ä–µ–º–∏–∞–ª—å–Ω–æ–≥–æ –∫–ª–∏–µ–Ω—Ç–∞ –∏ –ø–æ–ª—É—á–∏—Ç–µ 51570‚Ç∏ –±–æ–Ω—É—Å–æ–º –Ω–∞ –∫–∞—Ä—Ç—É. –ê–∫—Ç–∏–≤–∏—Ä—É–π—Ç–µ —Å–µ–≥–æ–¥–Ω—è!"
11,"[('–ü—Ä–µ–º–∏–∞–ª—å–Ω–∞—è –∫–∞—Ä—Ç–∞', 89403.83069999999), ('–ö—Ä–µ–¥–∏—Ç–Ω–∞—è –∫–∞—Ä—Ç–∞', 48153.40635), ('–î–µ–ø–æ–∑–∏—Ç –°–±–µ—Ä–µ–≥–∞—Ç–µ–ª—å–Ω—ã–π', 44420.365), ('–î–µ–ø–æ–∑–∏—Ç –ù–∞–∫–æ–ø–∏—Ç–µ–ª—å–Ω—ã–π', 41728.221666666665)]",–ü—Ä–µ–º–∏–∞–ª—å–Ω–∞—è –∫–∞—Ä—Ç–∞,89403.83069999999,–ö—Ä–µ–¥–∏—Ç–Ω–∞—è –∫–∞—Ä—Ç–∞,48153.40635,–î–µ–ø–æ–∑–∏—Ç –°–±–µ—Ä–µ–≥–∞—Ç–µ–ª—å–Ω—ã–π,44420.365,–î–µ–ø–æ–∑–∏—Ç –ù–∞–∫–æ–ø–∏—Ç–µ–ª—å–Ω—ã–π,41728.221666666665,"–î–æ—Ä–æ–≥–æ–π –ò–≥–æ—Ä—å, –≤—ã–≥–æ–¥–∞ –í–∞—à–µ–≥–æ —Å—Ç–∞—Ç—É—Å–∞ –ø—Ä–µ–º–∏–∞–ª—å–Ω–æ–≥–æ –∫–ª–∏–µ–Ω—Ç–∞ - ‚âà89404 ‚Ç∏! –ö–∞–∫ –ø—Ä–µ–º–∏–∞–ª—å–Ω—ã–π –∫–ª–∏–µ–Ω—Ç, –≤–æ—Å–ø–æ–ª—å–∑—É–π—Ç–µ—Å—å –ø—Ä–µ–∏–º—É—â–µ—Å—Ç–≤–æ–º. –ê–∫—Ç–∏–≤–∏—Ä—É–π—Ç–µ –∫–∞—Ä—Ç—É —Å–µ–≥–æ–¥–Ω—è!"
59,"[('–ü—Ä–µ–º–∏–∞–ª—å–Ω–∞—è –∫–∞—Ä—Ç–∞', 92757.2118), ('–ö—Ä–µ–¥–∏—Ç–Ω–∞—è –∫–∞—Ä—Ç–∞', 66568.9458), ('–î–µ–ø–æ–∑–∏—Ç –°–±–µ—Ä–µ–≥–∞—Ç–µ–ª—å–Ω—ã–π', 60877.58875), ('–î–µ–ø–æ–∑–∏—Ç –ù–∞–∫–æ–ø–∏—Ç–µ–ª—å–Ω—ã–π', 57188.03791666667)]",–ü—Ä–µ–º–∏–∞–ª—å–Ω–∞—è –∫–∞—Ä—Ç–∞,92757.2118,–ö—Ä–µ–¥–∏—Ç–Ω–∞—è –∫–∞—Ä—Ç–∞,66568.9458,–î–µ–ø–æ–∑–∏—Ç –°–±–µ—Ä–µ–≥–∞—Ç–µ–ª—å–Ω—ã–π,60877.58875,–î–µ–ø–æ–∑–∏—Ç –ù–∞–∫–æ–ø–∏—Ç–µ–ª—å–Ω—ã–π,57188.03791666667,"–î–æ–±—Ä–æ–≥–æ –≤—Ä–µ–º–µ–Ω–∏ –¥–Ω—è! –í–∞–º —Å—Ç–∞—Ç—É—Å –ø—Ä–µ–º–∏–∞–ª—å–Ω–æ–≥–æ –∫–ª–∏–µ–Ω—Ç–∞. –¢–µ–º –Ω–µ –º–µ–Ω–µ–µ, –≤—ã –º–æ–∂–µ—Ç–µ –ø–æ–ª—É—á–∏—Ç—å –µ—â–µ –±–æ–ª—å—à—É—é –≤—ã–≥–æ–¥—É. –ê–∫—Ç–∏–≤–∏—Ä—É–π—Ç–µ –∫–∞—Ä—Ç—É Premium –∏ –ø–æ–ª—É—á–∏—Ç–µ 92757‚Ç∏ –±–æ–Ω—É—Å–æ–º!"
27,"[('–ü—Ä–µ–º–∏–∞–ª—å–Ω–∞—è –∫–∞—Ä—Ç–∞', 50988.6498), ('–ö—Ä–µ–¥–∏—Ç–Ω–∞—è –∫–∞—Ä—Ç–∞', 49589.23485), ('–ö–∞—Ä—Ç–∞ –¥–ª—è –ø—É—Ç–µ—à–µ—Å—Ç–≤–∏–π', 25650.293599999997), ('–î–µ–ø–æ–∑–∏—Ç –°–±–µ—Ä–µ–≥–∞—Ç–µ–ª—å–Ω—ã–π', 974.2975)]",–ü—Ä–µ–º–∏–∞–ª—å–Ω–∞—è –∫–∞—Ä—Ç–∞,50988.6498,–ö—Ä–µ–¥–∏—Ç–Ω–∞—è –∫–∞—Ä—Ç–∞,49589.23485,–ö–∞—Ä—Ç–∞ –¥–ª—è –ø—É—Ç–µ—à–µ—Å—Ç–≤–∏–π,25650.293599999997,–î–µ–ø–æ–∑–∏—Ç –°–±–µ—Ä–µ–≥–∞—Ç–µ–ª—å–Ω—ã–π,974.2975,"–ê–∫—Ç–∏–≤–∏—Ä—É–π—Ç–µ –∫–∞—Ä—Ç—É, –ò–≥–æ—Ä—å! –ü—Ä–µ–º–∏–∞–ª—å–Ω–∞—è –∫–∞—Ä—Ç–∞ –ø—Ä–∏–Ω–µ—Å–µ—Ç –≤–∞–º 50989‚Ç∏ –ø—Ä–∏–≤–∏–ª–µ–≥–∏–π."
19,"[('–ö—Ä–µ–¥–∏—Ç–Ω–∞—è –∫–∞—Ä—Ç–∞', 49299.18855), ('–ü—Ä–µ–º–∏–∞–ª—å–Ω–∞—è –∫–∞—Ä—Ç–∞', 45568.1658), ('–ö–∞—Ä—Ç–∞ –¥–ª—è –ø—É—Ç–µ—à–µ—Å—Ç–≤–∏–π', 16396.8944), ('–î–µ–ø–æ–∑–∏—Ç –°–±–µ—Ä–µ–≥–∞—Ç–µ–ª—å–Ω—ã–π', 1102.0625)]",–ö—Ä–µ–¥–∏—Ç–Ω–∞—è –∫–∞—Ä—Ç–∞,49299.18855,–ü—Ä–µ–º–∏–∞–ª—å–Ω–∞—è –∫–∞—Ä—Ç–∞,45568.1658,–ö–∞—Ä—Ç–∞ –¥–ª—è –ø—É—Ç–µ—à–µ—Å—Ç–≤–∏–π,16396.8944,–î–µ–ø–æ–∑–∏—Ç –°–±–µ—Ä–µ–≥–∞—Ç–µ–ª—å–Ω—ã–π,1102.0625,"–ê–ª–µ–∫—Å–∞–Ω–¥—Ä, –Ω–∞–¥–µ–µ–º—Å—è –Ω–∞ –≤–∞—à—É –ø–æ–¥–¥–µ—Ä–∂–∫—É! –ê–∫—Ç–∏–≤–∏—Ä—É–π—Ç–µ –∫—Ä–µ–¥–∏—Ç–Ω—É—é –∫–∞—Ä—Ç—É –∏ –ø–æ–ª—É—á–∏—Ç–µ 49299‚Ç∏ –±–æ–Ω—É—Å. –í–∞—à —Å—Ç–∞—Ç—É—Å –ø—Ä–µ–º–∏–∞–ª—å–Ω—ã–π –æ–±–µ—Å–ø–µ—á–∏–≤–∞–µ—Ç –¥–æ–ø–æ–ª–Ω–∏—Ç–µ–ª—å–Ω—ã–µ –ø—Ä–µ–∏–º—É—â–µ—Å—Ç–≤–∞."
56,"[('–ü—Ä–µ–º–∏–∞–ª—å–Ω–∞—è –∫–∞—Ä—Ç–∞', 54773.343), ('–ö—Ä–µ–¥–∏—Ç–Ω–∞—è –∫–∞—Ä—Ç–∞', 50962.771199999996), ('–ö–∞—Ä—Ç–∞ –¥–ª—è –ø—É—Ç–µ—à–µ—Å—Ç–≤–∏–π', 29747.5784), ('–î–µ–ø–æ–∑–∏—Ç –°–±–µ—Ä–µ–≥–∞—Ç–µ–ª—å–Ω—ã–π', 833.5525)]",–ü—Ä–µ–º–∏–∞–ª—å–Ω–∞—è –∫–∞—Ä—Ç–∞,54773.343,–ö—Ä–µ–¥–∏—Ç–Ω–∞—è –∫–∞—Ä—Ç–∞,50962.771199999996,–ö–∞—Ä—Ç–∞ –¥–ª—è –ø—É—Ç–µ—à–µ—Å—Ç–≤–∏–π,29747.5784,–î–µ–ø–æ–∑–∏—Ç –°–±–µ—Ä–µ–≥–∞—Ç–µ–ª—å–Ω—ã–π,833.5525,"–ê–ª–µ–∫—Å–∞–Ω–¥—Ä, –≤—ã—Å–æ—Ç–∞ –í–∞—à–µ–≥–æ –ø—Ä–µ–º–∏–∞–ª—å–Ω–æ–≥–æ —Å—Ç–∞—Ç—É—Å–∞ - —ç—Ç–æ –µ–¥–∏–Ω—Å—Ç–≤–µ–Ω–Ω–∞—è –≤–æ–∑–º–æ–∂–Ω–æ—Å—Ç—å –ø–æ–ª—É—á–∏—Ç—å –±–æ–Ω—É—Å –≤ —Ä–∞–∑–º–µ—Ä–µ 5473 ‚Ç∏. –ê–∫—Ç–∏–≤–∏—Ä—É–π—Ç–µ –∫–∞—Ä—Ç—É —Å–µ–≥–æ–¥–Ω—è!"
33,"[('–ö—Ä–µ–¥–∏—Ç–Ω–∞—è –∫–∞—Ä—Ç–∞', 51895.3326), ('–ü—Ä–µ–º–∏–∞–ª—å–Ω–∞—è –∫–∞—Ä—Ç–∞', 49575.91279999999), ('–ö–∞—Ä—Ç–∞ –¥–ª—è –ø—É—Ç–µ—à–µ—Å—Ç–≤–∏–π', 16879.390400000004), ('–î–µ–ø–æ–∑–∏—Ç –°–±–µ—Ä–µ–≥–∞—Ç–µ–ª—å–Ω—ã–π', 11333.3825)]",–ö—Ä–µ–¥–∏—Ç–Ω–∞—è –∫–∞—Ä—Ç–∞,51895.3326,–ü—Ä–µ–º–∏–∞–ª—å–Ω–∞—è –∫–∞—Ä—Ç–∞,49575.91279999999,–ö–∞—Ä—Ç–∞ –¥–ª—è –ø—É—Ç–µ—à–µ—Å—Ç–≤–∏–π,16879.390400000004,–î–µ–ø–æ–∑–∏—Ç –°–±–µ—Ä–µ–≥–∞—Ç–µ–ª—å–Ω—ã–π,11333.3825,"–ê–ª–µ–∫—Å–∞–Ω–¥—Ä, –ø–æ–ª—É—á–∞–π—Ç–µ –±–æ–Ω—É—Å –∑–∞ –∫–∞—Ä—Ç—É: 51895 ‚Ç∏!

–ê–∫—Ç–∏–≤–∏—Ä—É–π—Ç–µ –∫–∞—Ä—Ç—É —Å–µ–≥–æ–¥–Ω—è –∏ –ø–æ–ª—É—á–∏—Ç–µ –ø—Ä–µ–∏–º—É—â–µ—Å—Ç–≤–∞ —Å–≤–æ–µ–≥–æ —Å—Ç–∞—Ç—É—Å–∞ –ø—Ä–µ–º–∏–∞–ª—å–Ω–æ–≥–æ –∫–ª–∏–µ–Ω—Ç–∞."
12,"[('–ü—Ä–µ–º–∏–∞–ª—å–Ω–∞—è –∫–∞—Ä—Ç–∞', 52919.091799999995), ('–ö—Ä–µ–¥–∏—Ç–Ω–∞—è –∫–∞—Ä—Ç–∞', 46691.4294), ('–ö–∞—Ä—Ç–∞ –¥–ª—è –ø—É—Ç–µ—à–µ—Å—Ç–≤–∏–π', 20733.858799999998), ('–î–µ–ø–æ–∑–∏—Ç –°–±–µ—Ä–µ–≥–∞—Ç–µ–ª—å–Ω—ã–π', 11674.3825)]",–ü—Ä–µ–º–∏–∞–ª—å–Ω–∞—è –∫–∞—Ä—Ç–∞,52919.091799999995,–ö—Ä–µ–¥–∏—Ç–Ω–∞—è –∫–∞—Ä—Ç–∞,46691.4294,–ö–∞—Ä—Ç–∞ –¥–ª—è –ø—É—Ç–µ—à–µ—Å—Ç–≤–∏–π,20733.858799999998,–î–µ–ø–æ–∑–∏—Ç –°–±–µ—Ä–µ–≥–∞—Ç–µ–ª—å–Ω—ã–π,11674.3825,"–î–æ—Ä–æ–≥–æ–π –ò–≥–æ—Ä—å, –Ω–∞–ø–æ–º–∏–Ω–∞–µ–º –æ –≤—ã–≥–æ–¥–µ –ø—Ä–µ–º–∏–∞–ª—å–Ω–æ–π –∫–∞—Ä—Ç—ã: 52919‚Ç∏. –ö–∞–∫ –ø—Ä–µ–º–∏–∞–ª—å–Ω—ã–π –∫–ª–∏–µ–Ω—Ç, –≤–æ—Å–ø–æ–ª—å–∑—É–π—Ç–µ—Å—å —ç—Ç–æ–π —Å—É–º–º–µ –∏ –∞–∫—Ç–∏–≤–∏—Ä—É–π—Ç–µ –∫–∞—Ä—Ç—É."
43,"[('–ö—Ä–µ–¥–∏—Ç–Ω–∞—è –∫–∞—Ä—Ç–∞', 49158.09225), ('–ü—Ä–µ–º–∏–∞–ª—å–Ω–∞—è –∫–∞—Ä—Ç–∞', 46342.99119999999), ('–ö–∞—Ä—Ç–∞ –¥–ª—è –ø—É—Ç–µ—à–µ—Å—Ç–≤–∏–π', 14356.519200000002), ('–î–µ–ø–æ–∑–∏—Ç –°–±–µ—Ä–µ–≥–∞—Ç–µ–ª—å–Ω—ã–π', 1049.4)]",–ö—Ä–µ–¥–∏—Ç–Ω–∞—è –∫–∞—Ä—Ç–∞,49158.09225,–ü—Ä–µ–º–∏–∞–ª—å–Ω–∞—è –∫–∞—Ä—Ç–∞,46342.99119999999,–ö–∞—Ä—Ç–∞ –¥–ª—è –ø—É—Ç–µ—à–µ—Å—Ç–≤–∏–π,14356.519200000002,–î–µ–ø–æ–∑–∏—Ç –°–±–µ—Ä–µ–≥–∞—Ç–µ–ª—å–Ω—ã–π,1049.4,"–ö–∞–∫ –ø—Ä–µ–º–∏–∞–ª—å–Ω—ã–π –∫–ª–∏–µ–Ω—Ç, –ø–æ–ª—É—á–∏—Ç–µ –µ—â–µ 49158‚Ç∏ –ø—Ä–∏ –∞–∫—Ç–∏–≤–∏—Ä–æ–≤–∞–Ω–∏–∏ –Ω–æ–≤–æ–π –ö—Ä–µ–¥–∏—Ç–Ω–æ–π –∫–∞—Ä—Ç—ã! –ê–∫—Ç–∏–≤–∏—Ä—É–π—Ç–µ –∫–∞—Ä—Ç—É —Å–µ–≥–æ–¥–Ω—è!"
13,"[('–ö—Ä–µ–¥–∏—Ç–Ω–∞—è –∫–∞—Ä—Ç–∞', 35633.073300000004), ('–ü—Ä–µ–º–∏–∞–ª—å–Ω–∞—è –∫–∞—Ä—Ç–∞', 35403.6828), ('–ö–∞—Ä—Ç–∞ –¥–ª—è –ø—É—Ç–µ—à–µ—Å—Ç–≤–∏–π', 13604.875200000002), ('–î–µ–ø–æ–∑–∏—Ç –°–±–µ—Ä–µ–≥–∞—Ç–µ–ª—å–Ω—ã–π', 743.5175)]",–ö—Ä–µ–¥–∏—Ç–Ω–∞—è –∫–∞—Ä—Ç–∞,35633.073300000004,–ü—Ä–µ–º–∏–∞–ª—å–Ω–∞—è –∫–∞—Ä—Ç–∞,35403.6828,–ö–∞—Ä—Ç–∞ –¥–ª—è –ø—É—Ç–µ—à–µ—Å—Ç–≤–∏–π,13604.875200000002,–î–µ–ø–æ–∑–∏—Ç –°–±–µ—Ä–µ–≥–∞—Ç–µ–ª—å–Ω—ã–π,743.5175,"–ò–º—è –∫–ª–∏–µ–Ω—Ç–∞: –ú–∞–∫—Å–∏–º
–°—Ç–∞—Ç—É—Å –∫–ª–∏–µ–Ω—Ç–∞: –°—Ç—É–¥–µ–Ω—Ç
–ü—Ä–µ–∏–º—É—â–µ—Å—Ç–≤–æ: 35633 ‚Ç∏ –±–æ–Ω—É—Å–æ–≤
CTA: –ê–∫—Ç–∏–≤–∏—Ä—É–π—Ç–µ –∫–∞—Ä—Ç—É"
49,"[('–ü—Ä–µ–º–∏–∞–ª—å–Ω–∞—è –∫–∞—Ä—Ç–∞', 81670.0905), ('–ö—Ä–µ–¥–∏—Ç–Ω–∞—è –∫–∞—Ä—Ç–∞', 52261.073099999994), ('–ö–∞—Ä—Ç–∞ –¥–ª—è –ø—É—Ç–µ—à–µ—Å—Ç–≤–∏–π', 26885.0412), ('–î–µ–ø–æ–∑–∏—Ç –°–±–µ—Ä–µ–≥–∞—Ç–µ–ª—å–Ω—ã–π', 19397.93625)]",–ü—Ä–µ–º–∏–∞–ª—å–Ω–∞—è –∫–∞—Ä—Ç–∞,81670.0905,–ö—Ä–µ–¥–∏—Ç–Ω–∞—è –∫–∞—Ä—Ç–∞,52261.073099999994,–ö–∞—Ä—Ç–∞ –¥–ª—è –ø—É—Ç–µ—à–µ—Å—Ç–≤–∏–π,26885.0412,–î–µ–ø–æ–∑–∏—Ç –°–±–µ—Ä–µ–≥–∞—Ç–µ–ª—å–Ω—ã–π,19397.93625,"–ê–ª–µ–∫—Å–∞–Ω–¥—Ä, –≤–æ—Å–ø–æ–ª—å–∑—É–π—Ç–µ—Å—å –≤–æ–∑–º–æ–∂–Ω–æ—Å—Ç—è–º–∏ –ü—Ä–µ–º–∏–∞–ª—å–Ω–æ–π –∫–∞—Ä—Ç—ã: –Ω–∞—Å–ª–∞–∂–¥–∞–π—Ç–µ—Å—å 81670‚Ç∏ –≤—ã–≥–æ–¥–æ–π!

–í–∞—à —Å—Ç–∞—Ç—É—Å –ø—Ä–µ–º–∏–∞–ª—å–Ω—ã–π ‚Äì –º–æ—â—å –≤ —Ä—É–∫–∞—Ö! –ê–∫—Ç–∏–≤–∏—Ä—É–π—Ç–µ –∫–∞—Ä—Ç—É —Å–µ–≥–æ–¥–Ω—è."
16,"[('–ü—Ä–µ–º–∏–∞–ª—å–Ω–∞—è –∫–∞—Ä—Ç–∞', 33934.271), ('–ö—Ä–µ–¥–∏—Ç–Ω–∞—è –∫–∞—Ä—Ç–∞', 33709.9698), ('–ö–∞—Ä—Ç–∞ –¥–ª—è –ø—É—Ç–µ—à–µ—Å—Ç–≤–∏–π', 14392.663199999999), ('–î–µ–ø–æ–∑–∏—Ç –°–±–µ—Ä–µ–≥–∞—Ç–µ–ª—å–Ω—ã–π', 641.1625)]",–ü—Ä–µ–º–∏–∞–ª—å–Ω–∞—è –∫–∞—Ä—Ç–∞,33934.271,–ö—Ä–µ–¥–∏—Ç–Ω–∞—è –∫–∞—Ä—Ç–∞,33709.9698,–ö–∞—Ä—Ç–∞ –¥–ª—è –ø—É—Ç–µ—à–µ—Å—Ç–≤–∏–π,14392.663199999999,–î–µ–ø–æ–∑–∏—Ç –°–±–µ—Ä–µ–≥–∞—Ç–µ–ª—å–Ω—ã–π,641.1625,"–ò–º—è –∫–ª–∏–µ–Ω—Ç–∞, —Å—Ç–∞—Ç—É—Å –∏ –ø—Ä–æ–¥—É–∫—Ç –Ω–µ –ø–µ—Ä–µ–¥–∞–Ω—ã. –ü–æ–∂–∞–ª—É–π—Å—Ç–∞, –ø—Ä–µ–¥–æ—Å—Ç–∞–≤—å—Ç–µ –≤—Å–µ –Ω–µ–æ–±—Ö–æ–¥–∏–º—ã–µ –¥–∞–Ω–Ω—ã–µ –¥–ª—è –≥–µ–Ω–µ—Ä–∞—Ü–∏–∏ –ø–µ—Ä—Å–æ–Ω–∞–ª–∏–∑–∏—Ä–æ–≤–∞–Ω–Ω–æ–≥–æ push-—É–≤–µ–¥–æ–º–ª–µ–Ω–∏—è."
28,"[('–ü—Ä–µ–º–∏–∞–ª—å–Ω–∞—è –∫–∞—Ä—Ç–∞', 50029.813), ('–ö—Ä–µ–¥–∏—Ç–Ω–∞—è –∫–∞—Ä—Ç–∞', 47594.0364), ('–ö–∞—Ä—Ç–∞ –¥–ª—è –ø—É—Ç–µ—à–µ—Å—Ç–≤–∏–π', 28332.5804), ('–î–µ–ø–æ–∑–∏—Ç –°–±–µ—Ä–µ–≥–∞—Ç–µ–ª—å–Ω—ã–π', 2066.36375)]",–ü—Ä–µ–º–∏–∞–ª—å–Ω–∞—è –∫–∞—Ä—Ç–∞,50029.813,–ö—Ä–µ–¥–∏—Ç–Ω–∞—è –∫–∞—Ä—Ç–∞,47594.0364,–ö–∞—Ä—Ç–∞ –¥–ª—è –ø—É—Ç–µ—à–µ—Å—Ç–≤–∏–π,28332.5804,–î–µ–ø–æ–∑–∏—Ç –°–±–µ—Ä–µ–≥–∞—Ç–µ–ª—å–Ω—ã–π,2066.36375,"–ê–ª–µ–∫—Å–∞–Ω–¥—Ä, –≤—ã–≥–æ–¥–∞ –æ—Ç –ü—Ä–µ–º–∏–∞–ª—å–Ω–æ–π –∫–∞—Ä—Ç—ã - 50030‚Ç∏. –ö–∞–∫ –ø—Ä–µ–º–∏–∞–ª—å–Ω—ã–π –∫–ª–∏–µ–Ω—Ç, –≤–æ—Å–ø–æ–ª—å–∑—É–π—Ç–µ—Å—å —ç—Ç–æ–π –∫–∞—Ä—Ç–æ–π –∏ –∞–∫—Ç–∏–≤–∏—Ä—É–π—Ç–µ –ø—Ä–µ–∏–º—É—â–µ—Å—Ç–≤–æ!"
4,"[('–ü—Ä–µ–º–∏–∞–ª—å–Ω–∞—è –∫–∞—Ä—Ç–∞', 50819.8684), ('–ö—Ä–µ–¥–∏—Ç–Ω–∞—è –∫–∞—Ä—Ç–∞', 46961.80275), ('–ö–∞—Ä—Ç–∞ –¥–ª—è –ø—É—Ç–µ—à–µ—Å—Ç–≤–∏–π', 30761.783600000002), ('–î–µ–ø–æ–∑–∏—Ç –°–±–µ—Ä–µ–≥–∞—Ç–µ–ª—å–Ω—ã–π', 1146.07625)]",–ü—Ä–µ–º–∏–∞–ª—å–Ω–∞—è –∫–∞—Ä—Ç–∞,50819.8684,–ö—Ä–µ–¥–∏—Ç–Ω–∞—è –∫–∞—Ä—Ç–∞,46961.80275,–ö–∞—Ä—Ç–∞ –¥–ª—è –ø—É—Ç–µ—à–µ—Å—Ç–≤–∏–π,30761.783600000002,–î–µ–ø–æ–∑–∏—Ç –°–±–µ—Ä–µ–≥–∞—Ç–µ–ª—å–Ω—ã–π,1146.07625,"–ê–ª–µ–∫—Å–∞–Ω–¥—Ä, –≤–æ—Å–ø–æ–ª—å–∑—É–π—Ç–µ—Å—å –ø—Ä–µ–∏–º—É—â–µ—Å—Ç–≤–æ–º –í–∞—à–µ–≥–æ —Å—Ç–∞—Ç—É—Å–∞ –∑–∞—Ä–ø–ª–∞—Ç–Ω–æ–≥–æ –∫–ª–∏–µ–Ω—Ç–∞ –∏ –∞–∫—Ç–∏–≤–∏—Ä—É–π—Ç–µ –∫–∞—Ä—Ç—É –¥–ª—è 50820‚Ç∏ —Å—ç–∫–æ–Ω–æ–º–ª–µ–Ω–∏—è!"
15,"[('–ö—Ä–µ–¥–∏—Ç–Ω–∞—è –∫–∞—Ä—Ç–∞', 45730.5348), ('–ü—Ä–µ–º–∏–∞–ª—å–Ω–∞—è –∫–∞—Ä—Ç–∞', 43700.74859999999), ('–ö–∞—Ä—Ç–∞ –¥–ª—è –ø—É—Ç–µ—à–µ—Å—Ç–≤–∏–π', 13138.4904), ('–î–µ–ø–æ–∑–∏—Ç –°–±–µ—Ä–µ–≥–∞—Ç–µ–ª—å–Ω—ã–π', 2210.6975)]",–ö—Ä–µ–¥–∏—Ç–Ω–∞—è –∫–∞—Ä—Ç–∞,45730.5348,–ü—Ä–µ–º–∏–∞–ª—å–Ω–∞—è –∫–∞—Ä—Ç–∞,43700.74859999999,–ö–∞—Ä—Ç–∞ –¥–ª—è –ø—É—Ç–µ—à–µ—Å—Ç–≤–∏–π,13138.4904,–î–µ–ø–æ–∑–∏—Ç –°–±–µ—Ä–µ–≥–∞—Ç–µ–ª—å–Ω—ã–π,2210.6975,"–ò–≤–∞–Ω, –≤—ã—Å–æ–∫–∏–µ —Ä–∞–∑–º–µ—Ä—ã –Ω–∞–≥—Ä–∞–¥—ã! –°–∫–æ—Ä–æ –º–æ–∂–µ—Ç –±—ã—Ç—å –≤–∞—à–∞ –Ω–æ–≤–∞—è –ö—Ä–µ–¥–∏—Ç–Ω–∞—è –∫–∞—Ä—Ç–∞. –ü–æ–ª—É—á–∏—Ç–µ 45731‚Ç∏ –±–æ–Ω—É—Å–æ–≤. –ê–∫—Ç–∏–≤–∏—Ä—É–π—Ç–µ –∫–∞—Ä—Ç—É —Å–µ–≥–æ–¥–Ω—è!"
44,"[('–ö—Ä–µ–¥–∏—Ç–Ω–∞—è –∫–∞—Ä—Ç–∞', 47171.43135), ('–ü—Ä–µ–º–∏–∞–ª—å–Ω–∞—è –∫–∞—Ä—Ç–∞', 44554.686400000006), ('–ö–∞—Ä—Ç–∞ –¥–ª—è –ø—É—Ç–µ—à–µ—Å—Ç–≤–∏–π', 13116.3052), ('–î–µ–ø–æ–∑–∏—Ç –°–±–µ—Ä–µ–≥–∞—Ç–µ–ª—å–Ω—ã–π', 1235.3825)]",–ö—Ä–µ–¥–∏—Ç–Ω–∞—è –∫–∞—Ä—Ç–∞,47171.43135,–ü—Ä–µ–º–∏–∞–ª—å–Ω–∞—è –∫–∞—Ä—Ç–∞,44554.686400000006,–ö–∞—Ä—Ç–∞ –¥–ª—è –ø—É—Ç–µ—à–µ—Å—Ç–≤–∏–π,13116.3052,–î–µ–ø–æ–∑–∏—Ç –°–±–µ—Ä–µ–≥–∞—Ç–µ–ª—å–Ω—ã–π,1235.3825,"–î–∞—Ä—Ö–∞–Ω, –≤—ã–≥–æ–¥–∞ –æ—Ç –∫—Ä–µ–¥–∏—Ç–Ω–æ–π –∫–∞—Ä—Ç—ã ‚Äì 47171 —Ç–µ–Ω–≥–µ! –ê–∫—Ç–∏–≤–∏—Ä—É–π—Ç–µ –∫–∞—Ä—Ç—É —Å–µ–≥–æ–¥–Ω—è."
52,"[('–ü—Ä–µ–º–∏–∞–ª—å–Ω–∞—è –∫–∞—Ä—Ç–∞', 86190.83909999998), ('–ö—Ä–µ–¥–∏—Ç–Ω–∞—è –∫–∞—Ä—Ç–∞', 63355.30875000001), ('–î–µ–ø–æ–∑–∏—Ç –°–±–µ—Ä–µ–≥–∞—Ç–µ–ª—å–Ω—ã–π', 47007.24875), ('–î–µ–ø–æ–∑–∏—Ç –ù–∞–∫–æ–ø–∏—Ç–µ–ª—å–Ω—ã–π', 44158.324583333335)]",–ü—Ä–µ–º–∏–∞–ª—å–Ω–∞—è –∫–∞—Ä—Ç–∞,86190.83909999998,–ö—Ä–µ–¥–∏—Ç–Ω–∞—è –∫–∞—Ä—Ç–∞,63355.30875000001,–î–µ–ø–æ–∑–∏—Ç –°–±–µ—Ä–µ–≥–∞—Ç–µ–ª—å–Ω—ã–π,47007.24875,–î–µ–ø–æ–∑–∏—Ç –ù–∞–∫–æ–ø–∏—Ç–µ–ª—å–Ω—ã–π,44158.324583333335,"–ö–∞–∫ –ø—Ä–µ–º–∏–∞–ª—å–Ω—ã–π –∫–ª–∏–µ–Ω—Ç, –ø–æ–ª—É—á–∏—Ç–µ –≤—ã–≥–æ–¥—É –ø—Ä–∏–º–µ—Ä–Ω–æ 86191 ‚Ç∏! –ê–∫—Ç–∏–≤–∏—Ä—É–π—Ç–µ –∫–∞—Ä—Ç—É —Å–µ–≥–æ–¥–Ω—è."
14,"[('–ö—Ä–µ–¥–∏—Ç–Ω–∞—è –∫–∞—Ä—Ç–∞', 43907.1408), ('–ü—Ä–µ–º–∏–∞–ª—å–Ω–∞—è –∫–∞—Ä—Ç–∞', 42154.548), ('–ö–∞—Ä—Ç–∞ –¥–ª—è –ø—É—Ç–µ—à–µ—Å—Ç–≤–∏–π', 13762.4388), ('–î–µ–ø–æ–∑–∏—Ç –°–±–µ—Ä–µ–≥–∞—Ç–µ–ª—å–Ω—ã–π', 789.04375)]",–ö—Ä–µ–¥–∏—Ç–Ω–∞—è –∫–∞—Ä—Ç–∞,43907.1408,–ü—Ä–µ–º–∏–∞–ª—å–Ω–∞—è –∫–∞—Ä—Ç–∞,42154.548,–ö–∞—Ä—Ç–∞ –¥–ª—è –ø—É—Ç–µ—à–µ—Å—Ç–≤–∏–π,13762.4388,–î–µ–ø–æ–∑–∏—Ç –°–±–µ—Ä–µ–≥–∞—Ç–µ–ª—å–Ω—ã–π,789.04375,"–ò–º—è –∫–ª–∏–µ–Ω—Ç–∞, –∑–∞—Ä–ø–ª–∞—Ç–Ω—ã–π –∫–ª–∏–µ–Ω—Ç:
–ö—Ä–µ–¥–∏—Ç–Ω–∞—è –∫–∞—Ä—Ç–∞ –ø—Ä–µ–º–∏–∞–ª—å–Ω–æ–≥–æ —Å—Ç–∞—Ç—É—Å–∞. –ì–ª–∞–≤–Ω–æ–µ –ø—Ä–µ–∏–º—É—â–µ—Å—Ç–≤–æ: 43907‚Ç∏ –±–æ–Ω—É—Å–æ–≤ –µ–∂–µ–º–µ—Å—è—á–Ω–æ! –ê–∫—Ç–∏–≤–∏—Ä—É–π—Ç–µ –∫–∞—Ä—Ç—É —Å–µ–≥–æ–¥–Ω—è."
37,"[('–ö—Ä–µ–¥–∏—Ç–Ω–∞—è –∫–∞—Ä—Ç–∞', 48349.24725000001), ('–ü—Ä–µ–º–∏–∞–ª—å–Ω–∞—è –∫–∞—Ä—Ç–∞', 45816.962000000014), ('–ö–∞—Ä—Ç–∞ –¥–ª—è –ø—É—Ç–µ—à–µ—Å—Ç–≤–∏–π', 13186.2404), ('–î–µ–ø–æ–∑–∏—Ç –°–±–µ—Ä–µ–≥–∞—Ç–µ–ª—å–Ω—ã–π', 12379.96375)]",–ö—Ä–µ–¥–∏—Ç–Ω–∞—è –∫–∞—Ä—Ç–∞,48349.24725000001,–ü—Ä–µ–º–∏–∞–ª—å–Ω–∞—è –∫–∞—Ä—Ç–∞,45816.962000000014,–ö–∞—Ä—Ç–∞ –¥–ª—è –ø—É—Ç–µ—à–µ—Å—Ç–≤–∏–π,13186.2404,–î–µ–ø–æ–∑–∏—Ç –°–±–µ—Ä–µ–≥–∞—Ç–µ–ª—å–Ω—ã–π,12379.96375,"–ê–ª–µ–∫—Å–∞–Ω–¥—Ä, –≤—ã –º–æ–∂–µ—Ç–µ –ø–æ–ª—É—á–∏—Ç—å –ø—Ä–∏—è—Ç–Ω—É—é —Å–∫–∏–¥–∫—É –≤ —Ä–∞–∑–º–µ—Ä–µ 48349‚Ç∏ –Ω–∞ –≤–∞—à—É –ø—Ä–µ–º–∏–∞–ª—å–Ω—É—é –∫—Ä–µ–¥–∏—Ç–Ω—É—é –∫–∞—Ä—Ç—É. –í–æ—Å–ø–æ–ª—å–∑—É–π—Ç–µ—Å—å —ç—Ç–æ–π –≤–æ–∑–º–æ–∂–Ω–æ—Å—Ç—å—é –∏ –∞–∫—Ç–∏–≤–∏—Ä—É–π—Ç–µ –∫–∞—Ä—Ç—É —Å–µ–≥–æ–¥–Ω—è!"
46,"[('–ö—Ä–µ–¥–∏—Ç–Ω–∞—è –∫–∞—Ä—Ç–∞', 48764.50455), ('–ü—Ä–µ–º–∏–∞–ª—å–Ω–∞—è –∫–∞—Ä—Ç–∞', 46110.5484), ('–ö–∞—Ä—Ç–∞ –¥–ª—è –ø—É—Ç–µ—à–µ—Å—Ç–≤–∏–π', 13209.304399999999), ('–î–µ–ø–æ–∑–∏—Ç –°–±–µ—Ä–µ–≥–∞—Ç–µ–ª—å–Ω—ã–π', 1182.83)]",–ö—Ä–µ–¥–∏—Ç–Ω–∞—è –∫–∞—Ä—Ç–∞,48764.50455,–ü—Ä–µ–º–∏–∞–ª—å–Ω–∞—è –∫–∞—Ä—Ç–∞,46110.5484,–ö–∞—Ä—Ç–∞ –¥–ª—è –ø—É—Ç–µ—à–µ—Å—Ç–≤–∏–π,13209.304399999999,–î–µ–ø–æ–∑–∏—Ç –°–±–µ—Ä–µ–≥–∞—Ç–µ–ª—å–Ω—ã–π,1182.83,"–î–∞—Ä—Ö–∞–Ω–æ–≤, –í–∞—à —Å—Ç–∞—Ç—É—Å –ø—Ä–µ–º–∏–∞–ª—å–Ω—ã–π! –ü–æ–ª—É—á–∏—Ç–µ –µ—â–µ 48765‚Ç∏ —Å –∏—Å–ø–æ–ª—å–∑–æ–≤–∞–Ω–∏–µ–º –∫–∞—Ä—Ç—ã. –ê–∫—Ç–∏–≤–∏—Ä—É–π—Ç–µ –∫–∞—Ä—Ç—É —Å–µ–≥–æ–¥–Ω—è."
17,"[('–ö—Ä–µ–¥–∏—Ç–Ω–∞—è –∫–∞—Ä—Ç–∞', 45377.12054999999), ('–ü—Ä–µ–º–∏–∞–ª—å–Ω–∞—è –∫–∞—Ä—Ç–∞', 42230.166), ('–ö–∞—Ä—Ç–∞ –¥–ª—è –ø—É—Ç–µ—à–µ—Å—Ç–≤–∏–π', 13873.648400000002), ('–î–µ–ø–æ–∑–∏—Ç –°–±–µ—Ä–µ–≥–∞—Ç–µ–ª—å–Ω—ã–π', 1225.4825)]",–ö—Ä–µ–¥–∏—Ç–Ω–∞—è –∫–∞—Ä—Ç–∞,45377.12054999999,–ü—Ä–µ–º–∏–∞–ª—å–Ω–∞—è –∫–∞—Ä—Ç–∞,42230.166,–ö–∞—Ä—Ç–∞ –¥–ª—è –ø—É—Ç–µ—à–µ—Å—Ç–≤–∏–π,13873.648400000002,–î–µ–ø–æ–∑–∏—Ç –°–±–µ—Ä–µ–≥–∞—Ç–µ–ª—å–Ω—ã–π,1225.4825,"–ò–º—è –∫–ª–∏–µ–Ω—Ç–∞, –∑–∞—Ä–ø–ª–∞—Ç–Ω—ã–π –∫–ª–∏–µ–Ω—Ç

–í–∞—à–µ —Å—Ç–∞—Ç—É—Å –ø—Ä–µ–º–∏–∞–ª—å–Ω—ã–π, –ø–æ–ª—É—á–∞–π—Ç–µ 45377‚Ç∏ –±–æ–Ω—É—Å—ã!

–ì–ª–∞–≤–Ω–æ–µ –ø—Ä–µ–∏–º—É—â–µ—Å—Ç–≤–æ: 45377‚Ç∏ –±–æ–Ω—É—Å–æ–≤ –Ω–∞ –∫–∞—Ä—Ç—É. –ê–∫—Ç–∏–≤–∏—Ä—É–π—Ç–µ –∫–∞—Ä—Ç—É —Å–µ–≥–æ–¥–Ω—è!"
23,"[('–ö—Ä–µ–¥–∏—Ç–Ω–∞—è –∫–∞—Ä—Ç–∞', 49869.62745), ('–ü—Ä–µ–º–∏–∞–ª—å–Ω–∞—è –∫–∞—Ä—Ç–∞', 46369.044), ('–ö–∞—Ä—Ç–∞ –¥–ª—è –ø—É—Ç–µ—à–µ—Å—Ç–≤–∏–π', 17783.8172), ('–î–µ–ø–æ–∑–∏—Ç –°–±–µ—Ä–µ–≥–∞—Ç–µ–ª—å–Ω—ã–π', 2012.84875)]",–ö—Ä–µ–¥–∏—Ç–Ω–∞—è –∫–∞—Ä—Ç–∞,49869.62745,–ü—Ä–µ–º–∏–∞–ª—å–Ω–∞—è –∫–∞—Ä—Ç–∞,46369.044,–ö–∞—Ä—Ç–∞ –¥–ª—è –ø—É—Ç–µ—à–µ—Å—Ç–≤–∏–π,17783.8172,–î–µ–ø–æ–∑–∏—Ç –°–±–µ—Ä–µ–≥–∞—Ç–µ–ª—å–Ω—ã–π,2012.84875,"–û–ª–µ–≥, –≤—ã–≥–æ–¥–∞ –æ—Ç –∫—Ä–µ–¥–∏—Ç–Ω–æ–π –∫–∞—Ä—Ç—ã ‚âà49870 ‚Ç∏! –ê–∫—Ç–∏–≤–∏—Ä—É–π—Ç–µ –∫–∞—Ä—Ç—É —Å–µ–≥–æ–¥–Ω—è."
8,"[('–ü—Ä–µ–º–∏–∞–ª—å–Ω–∞—è –∫–∞—Ä—Ç–∞', 96453.77519999999), ('–ö—Ä–µ–¥–∏—Ç–Ω–∞—è –∫–∞—Ä—Ç–∞', 51797.80875), ('–ö–∞—Ä—Ç–∞ –¥–ª—è –ø—É—Ç–µ—à–µ—Å—Ç–≤–∏–π', 18678.4252), ('–î–µ–ø–æ–∑–∏—Ç –°–±–µ—Ä–µ–≥–∞—Ç–µ–ª—å–Ω—ã–π', 14553.04125)]",–ü—Ä–µ–º–∏–∞–ª—å–Ω–∞—è –∫–∞—Ä—Ç–∞,96453.77519999999,–ö—Ä–µ–¥–∏—Ç–Ω–∞—è –∫–∞—Ä—Ç–∞,51797.80875,–ö–∞—Ä—Ç–∞ –¥–ª—è –ø—É—Ç–µ—à–µ—Å—Ç–≤–∏–π,18678.4252,–î–µ–ø–æ–∑–∏—Ç –°–±–µ—Ä–µ–≥–∞—Ç–µ–ª—å–Ω—ã–π,14553.04125,"–ê–ª–µ–∫—Å–∞–Ω–¥—Ä, –≤–æ—Å–ø–æ–ª—å–∑—É–π—Ç–µ—Å—å –ø—Ä–µ–∏–º—É—â–µ—Å—Ç–≤–æ–º –í–∞—à–µ–π –ü—Ä–µ–º–∏–∞–ª—å–Ω–æ–π –∫–∞—Ä—Ç—ã –∏ —Å–æ—Ö—Ä–∞–Ω–∏—Ç–µ 96454‚Ç∏ –Ω–∞ —Ä–∞—Å—Ö–æ–¥—ã –≤ –∫–∞—Ñ–µ –∏ —Ä–∞–∑–≤–ª–µ—á–µ–Ω–∏—è—Ö. –ê–∫—Ç–∏–≤–∏—Ä—É–π—Ç–µ –∫–∞—Ä—Ç—É —Å–µ–≥–æ–¥–Ω—è!"
47,"[('–ü—Ä–µ–º–∏–∞–ª—å–Ω–∞—è –∫–∞—Ä—Ç–∞', 49925.653), ('–ö—Ä–µ–¥–∏—Ç–Ω–∞—è –∫–∞—Ä—Ç–∞', 47350.59645), ('–ö–∞—Ä—Ç–∞ –¥–ª—è –ø—É—Ç–µ—à–µ—Å—Ç–≤–∏–π', 24083.1684), ('–î–µ–ø–æ–∑–∏—Ç –°–±–µ—Ä–µ–≥–∞—Ç–µ–ª—å–Ω—ã–π', 1094.39)]",–ü—Ä–µ–º–∏–∞–ª—å–Ω–∞—è –∫–∞—Ä—Ç–∞,49925.653,–ö—Ä–µ–¥–∏—Ç–Ω–∞—è –∫–∞—Ä—Ç–∞,47350.59645,–ö–∞—Ä—Ç–∞ –¥–ª—è –ø—É—Ç–µ—à–µ—Å—Ç–≤–∏–π,24083.1684,–î–µ–ø–æ–∑–∏—Ç –°–±–µ—Ä–µ–≥–∞—Ç–µ–ª—å–Ω—ã–π,1094.39,"Ivan, –≤–æ—Å–ø–æ–ª—å–∑—É–π—Ç–µ—Å—å –ø—Ä–µ–∏–º—É—â–µ—Å—Ç–≤–æ–º –í–∞—à–µ–≥–æ —Å—Ç–∞—Ç—É—Å–∞ –∑–∞—Ä–ø–ª–∞—Ç–Ω–æ–≥–æ –∫–ª–∏–µ–Ω—Ç–∞ –∏ —Å—ç–∫–æ–Ω–æ–º—å—Ç–µ 49926‚ÇΩ —Å –ø–æ–º–æ—â—å—é –ü—Ä–µ–º–∏–∞–ª—å–Ω–æ–π –∫–∞—Ä—Ç—ã! üí≥"
9,"[('–ü—Ä–µ–º–∏–∞–ª—å–Ω–∞—è –∫–∞—Ä—Ç–∞', 84716.667), ('–ö—Ä–µ–¥–∏—Ç–Ω–∞—è –∫–∞—Ä—Ç–∞', 47049.556500000006), ('–î–µ–ø–æ–∑–∏—Ç –°–±–µ—Ä–µ–≥–∞—Ç–µ–ª—å–Ω—ã–π', 42407.475), ('–î–µ–ø–æ–∑–∏—Ç –ù–∞–∫–æ–ø–∏—Ç–µ–ª—å–Ω—ã–π', 39837.325)]",–ü—Ä–µ–º–∏–∞–ª—å–Ω–∞—è –∫–∞—Ä—Ç–∞,84716.667,–ö—Ä–µ–¥–∏—Ç–Ω–∞—è –∫–∞—Ä—Ç–∞,47049.556500000006,–î–µ–ø–æ–∑–∏—Ç –°–±–µ—Ä–µ–≥–∞—Ç–µ–ª—å–Ω—ã–π,42407.475,–î–µ–ø–æ–∑–∏—Ç –ù–∞–∫–æ–ø–∏—Ç–µ–ª—å–Ω—ã–π,39837.325,"–î–æ—Ä–æ–≥–æ–π –ò–≥–æ—Ä—å, –≤—ã–≥–æ–¥–∞ –æ—Ç Preferred Card –¥–æ—Å—Ç–∏–≥–∞–µ—Ç 84717‚Ç∏! –ö–∞–∫ –ø—Ä–µ–º–∏–∞–ª—å–Ω—ã–π –∫–ª–∏–µ–Ω—Ç, –≤–æ—Å–ø–æ–ª—å–∑—É–π—Ç–µ—Å—å —ç—Ç–æ–π —Å—É–º–º–æ–π! –ê–∫—Ç–∏–≤–∏—Ä—É–π—Ç–µ –∫–∞—Ä—Ç—É —Å–µ–π—á–∞—Å."
53,"[('–ü—Ä–µ–º–∏–∞–ª—å–Ω–∞—è –∫–∞—Ä—Ç–∞', 68754.5418), ('–ö—Ä–µ–¥–∏—Ç–Ω–∞—è –∫–∞—Ä—Ç–∞', 47980.2402), ('–ö–∞—Ä—Ç–∞ –¥–ª—è –ø—É—Ç–µ—à–µ—Å—Ç–≤–∏–π', 18248.058), ('–î–µ–ø–æ–∑–∏—Ç –°–±–µ—Ä–µ–≥–∞—Ç–µ–ª—å–Ω—ã–π', 17305.53)]",–ü—Ä–µ–º–∏–∞–ª—å–Ω–∞—è –∫–∞—Ä—Ç–∞,68754.5418,–ö—Ä–µ–¥–∏—Ç–Ω–∞—è –∫–∞—Ä—Ç–∞,47980.2402,–ö–∞—Ä—Ç–∞ –¥–ª—è –ø—É—Ç–µ—à–µ—Å—Ç–≤–∏–π,18248.058,–î–µ–ø–æ–∑–∏—Ç –°–±–µ—Ä–µ–≥–∞—Ç–µ–ª—å–Ω—ã–π,17305.53,"–ê–ª–µ–∫—Å–∞–Ω–¥—Ä, –≤–æ—Å–ø–æ–ª—å–∑—É–π—Ç–µ—Å—å —ç—Ç–æ–π –≤—ã–≥–æ–¥–æ–π –Ω–∞ —Å—É–º–º—É 68755 ‚Ç∏:

*–ö–∞–∫ –ø—Ä–µ–º–∏–∞–ª—å–Ω—ã–π –∫–ª–∏–µ–Ω—Ç,* –ø–æ–ª—É—á–∞–π—Ç–µ –ª—å–≥–æ—Ç—ã –≤ food –∏ entertainment. –ê–∫—Ç–∏–≤–∏—Ä—É–π—Ç–µ –∫–∞—Ä—Ç—É —Å–µ–≥–æ–¥–Ω—è!"
26,"[('–ü—Ä–µ–º–∏–∞–ª—å–Ω–∞—è –∫–∞—Ä—Ç–∞', 54267.282999999996), ('–ö—Ä–µ–¥–∏—Ç–Ω–∞—è –∫–∞—Ä—Ç–∞', 49457.60369999999), ('–ö–∞—Ä—Ç–∞ –¥–ª—è –ø—É—Ç–µ—à–µ—Å—Ç–≤–∏–π', 37216.6712), ('–î–µ–ø–æ–∑–∏—Ç –°–±–µ—Ä–µ–≥–∞—Ç–µ–ª—å–Ω—ã–π', 1873.41)]",–ü—Ä–µ–º–∏–∞–ª—å–Ω–∞—è –∫–∞—Ä—Ç–∞,54267.282999999996,–ö—Ä–µ–¥–∏—Ç–Ω–∞—è –∫–∞—Ä—Ç–∞,49457.60369999999,–ö–∞—Ä—Ç–∞ –¥–ª—è –ø—É—Ç–µ—à–µ—Å—Ç–≤–∏–π,37216.6712,–î–µ–ø–æ–∑–∏—Ç –°–±–µ—Ä–µ–≥–∞—Ç–µ–ª—å–Ω—ã–π,1873.41,"–î–º–∏—Ç—Ä–∏–π, –≤—ã–≥–æ–¥–∞ 54267‚Ç∏ –Ω–∞ –ø—Ä–µ–º–∏–∞–ª—å–Ω–æ–π –∫–∞—Ä—Ç–µ. –ü–æ–ª—É—á–∏—Ç–µ –ª—å–≥–æ—Ç—ã. –ê–∫—Ç–∏–≤–∏—Ä—É–π—Ç–µ –∫–∞—Ä—Ç—É —Å–µ–≥–æ–¥–Ω—è!"
18,"[('–ü—Ä–µ–º–∏–∞–ª—å–Ω–∞—è –∫–∞—Ä—Ç–∞', 46911.5), ('–ö—Ä–µ–¥–∏—Ç–Ω–∞—è –∫–∞—Ä—Ç–∞', 46036.957500000004), ('–ö–∞—Ä—Ç–∞ –¥–ª—è –ø—É—Ç–µ—à–µ—Å—Ç–≤–∏–π', 15088.6008), ('–î–µ–ø–æ–∑–∏—Ç –°–±–µ—Ä–µ–≥–∞—Ç–µ–ª—å–Ω—ã–π', 1348.72375)]",–ü—Ä–µ–º–∏–∞–ª—å–Ω–∞—è –∫–∞—Ä—Ç–∞,46911.5,–ö—Ä–µ–¥–∏—Ç–Ω–∞—è –∫–∞—Ä—Ç–∞,46036.957500000004,–ö–∞—Ä—Ç–∞ –¥–ª—è –ø—É—Ç–µ—à–µ—Å—Ç–≤–∏–π,15088.6008,–î–µ–ø–æ–∑–∏—Ç –°–±–µ—Ä–µ–≥–∞—Ç–µ–ª—å–Ω—ã–π,1348.72375,"–ê–ª–µ–∫—Å–∞–Ω–¥—Ä, –ø–æ–ª—É—á–∏—Ç–µ –µ—â—ë 46912 —Ç–µ–Ω–≥–µ –ø—Ä–µ–∏–º—É—â–µ—Å—Ç–≤–∞–º–∏ –ü—Ä–µ–º–∏–∞–ª—å–Ω–æ–π –∫–∞—Ä—Ç—ã!

–ê–∫—Ç–∏–≤–∏—Ä—É–π—Ç–µ –∫–∞—Ä—Ç—É —Å–µ–≥–æ–¥–Ω—è!"
5,"[('–ü—Ä–µ–º–∏–∞–ª—å–Ω–∞—è –∫–∞—Ä—Ç–∞', 81110.12999999999), ('–ö—Ä–µ–¥–∏—Ç–Ω–∞—è –∫–∞—Ä—Ç–∞', 49749.07290000001), ('–ö–∞—Ä—Ç–∞ –¥–ª—è –ø—É—Ç–µ—à–µ—Å—Ç–≤–∏–π', 34947.7568), ('–î–µ–ø–æ–∑–∏—Ç –°–±–µ—Ä–µ–≥–∞—Ç–µ–ª—å–Ω—ã–π', 18377.37)]",–ü—Ä–µ–º–∏–∞–ª—å–Ω–∞—è –∫–∞—Ä—Ç–∞,81110.12999999999,–ö—Ä–µ–¥–∏—Ç–Ω–∞—è –∫–∞—Ä—Ç–∞,49749.07290000001,–ö–∞—Ä—Ç–∞ –¥–ª—è –ø—É—Ç–µ—à–µ—Å—Ç–≤–∏–π,34947.7568,–î–µ–ø–æ–∑–∏—Ç –°–±–µ—Ä–µ–≥–∞—Ç–µ–ª—å–Ω—ã–π,18377.37,"–ò–º—è –∫–ª–∏–µ–Ω—Ç–∞, –í–∞–º –∑–Ω–∞–µ—Ç–µ?"
39,"[('–ü—Ä–µ–º–∏–∞–ª—å–Ω–∞—è –∫–∞—Ä—Ç–∞', 66617.397), ('–ö—Ä–µ–¥–∏—Ç–Ω–∞—è –∫–∞—Ä—Ç–∞', 49824.8805), ('–î–µ–ø–æ–∑–∏—Ç –°–±–µ—Ä–µ–≥–∞—Ç–µ–ª—å–Ω—ã–π', 17163.28625), ('–î–µ–ø–æ–∑–∏—Ç –ù–∞–∫–æ–ø–∏—Ç–µ–ª—å–Ω—ã–π', 16123.087083333334)]",–ü—Ä–µ–º–∏–∞–ª—å–Ω–∞—è –∫–∞—Ä—Ç–∞,66617.397,–ö—Ä–µ–¥–∏—Ç–Ω–∞—è –∫–∞—Ä—Ç–∞,49824.8805,–î–µ–ø–æ–∑–∏—Ç –°–±–µ—Ä–µ–≥–∞—Ç–µ–ª—å–Ω—ã–π,17163.28625,–î–µ–ø–æ–∑–∏—Ç –ù–∞–∫–æ–ø–∏—Ç–µ–ª—å–Ω—ã–π,16123.087083333334,"Ivan, –∫–∞–∫ –ø—Ä–µ–º–∏–∞–ª—å–Ω—ã–π –∫–ª–∏–µ–Ω—Ç, –≤—ã –ø–æ–ª—É—á–∞–µ—Ç–µ —É–Ω–∏–∫–∞–ª—å–Ω—ã–µ –±–µ–ΩEFITS! üéÅ

–ì–ª–∞–≤–Ω–æ–µ –ø—Ä–µ–∏–º—É—â–µ—Å—Ç–≤–æ: 66617‚Ç∏ –≤ –º–µ—Å—è—Ü –Ω–∞ –ø—Ä–æ–¥—É–∫—Ç—ã —Ä–∞–∑–≤–ª–µ—á–µ–Ω–∏–π –∏ gastronomy. –ê–∫—Ç–∏–≤–∏—Ä—É–π—Ç–µ –∫–∞—Ä—Ç—É —Å–µ–≥–æ–¥–Ω—è!"
48,"[('–ö—Ä–µ–¥–∏—Ç–Ω–∞—è –∫–∞—Ä—Ç–∞', 47347.89465), ('–ü—Ä–µ–º–∏–∞–ª—å–Ω–∞—è –∫–∞—Ä—Ç–∞', 44529.29060000001), ('–ö–∞—Ä—Ç–∞ –¥–ª—è –ø—É—Ç–µ—à–µ—Å—Ç–≤–∏–π', 17012.6072), ('–î–µ–ø–æ–∑–∏—Ç –°–±–µ—Ä–µ–≥–∞—Ç–µ–ª—å–Ω—ã–π', 1130.4425)]",–ö—Ä–µ–¥–∏—Ç–Ω–∞—è –∫–∞—Ä—Ç–∞,47347.89465,–ü—Ä–µ–º–∏–∞–ª—å–Ω–∞—è –∫–∞—Ä—Ç–∞,44529.29060000001,–ö–∞—Ä—Ç–∞ –¥–ª—è –ø—É—Ç–µ—à–µ—Å—Ç–≤–∏–π,17012.6072,–î–µ–ø–æ–∑–∏—Ç –°–±–µ—Ä–µ–≥–∞—Ç–µ–ª—å–Ω—ã–π,1130.4425,"–ò–º—è –∫–ª–∏–µ–Ω—Ç–∞, –ø—Ä–∏–≤–µ—Ç—Å—Ç–≤–∏–µ –∏ —É–≤–∞–∂–∏—Ç–µ–ª—å–Ω–∞—è —Ñ–æ—Ä–º—É–ª–∏—Ä–æ–≤–∫–∞ –æ—Ç—Å—É—Ç—Å—Ç–≤—É—é—Ç. –¢—Ä–µ–±–æ–≤–∞–Ω–∏—è —Å–æ–±–ª—é–¥–µ–Ω—ã.

üìä –ú–∞–∫—Å–∏–º –ø–æ–ª—É—á–∏–ª –Ω–æ–≤—É—é –ö—Ä–µ–¥–∏—Ç–Ω—É—é –∫–∞—Ä—Ç—É! üìä
–í–∞—à —Å—Ç–∞—Ç—É—Å –ø—Ä–µ–º–∏–∞–ª—å–Ω—ã–π, –ø–æ–ª—É—á–∞–π—Ç–µ –±–æ–Ω—É—Å—ã –∏ –ø—Ä–∏–≤–µ—Ç—ã!
–ì–ª–∞–≤–Ω–æ–µ –ø—Ä–µ–∏–º—É—â–µ—Å—Ç–≤–æ: 47348 ‚Ç∏.
–ê–∫—Ç–∏–≤–∏—Ä—É–π—Ç–µ –∫–∞—Ä—Ç—É —Å–µ–≥–æ–¥–Ω—è!"
1,"[('–ü—Ä–µ–º–∏–∞–ª—å–Ω–∞—è –∫–∞—Ä—Ç–∞', 52538.28540000001), ('–ö—Ä–µ–¥–∏—Ç–Ω–∞—è –∫–∞—Ä—Ç–∞', 48793.42155), ('–ö–∞—Ä—Ç–∞ –¥–ª—è –ø—É—Ç–µ—à–µ—Å—Ç–≤–∏–π', 31810.969599999997), ('–î–µ–ø–æ–∑–∏—Ç –°–±–µ—Ä–µ–≥–∞—Ç–µ–ª—å–Ω—ã–π', 1273.84125)]",–ü—Ä–µ–º–∏–∞–ª—å–Ω–∞—è –∫–∞—Ä—Ç–∞,52538.28540000001,–ö—Ä–µ–¥–∏—Ç–Ω–∞—è –∫–∞—Ä—Ç–∞,48793.42155,–ö–∞—Ä—Ç–∞ –¥–ª—è –ø—É—Ç–µ—à–µ—Å—Ç–≤–∏–π,31810.969599999997,–î–µ–ø–æ–∑–∏—Ç –°–±–µ—Ä–µ–≥–∞—Ç–µ–ª—å–Ω—ã–π,1273.84125,"–ê–ª–µ–∫—Å–∞–Ω–¥—Ä, –Ω–∞–¥–µ–µ–º—Å—è, –≤—ã —É–∂–µ –∑–Ω–∞–µ—Ç–µ, –Ω–æ –í–∞—à —Å—Ç–∞—Ç—É—Å –ø—Ä–µ–º–∏–∞–ª—å–Ω—ã–π! üéâ –ü–æ–ª—É—á–∞–π—Ç–µ –µ—â–µ –±–æ–ª—å—à–∏–µ —Å–∫–∏–¥–∫–∏ –Ω–∞ —Ä–∞–∑–≤–ª–µ–∫–∞—Ç–µ–ª—å–Ω—ã–µ —É—Å–ª—É–≥–∏ –∏ –≥–∞—Å—Ç—Ä–æ–Ω–æ–º–∏–∏. –ê–∫—Ç–∏–≤–∏—Ä—É–π—Ç–µ –∫–∞—Ä—Ç—É —Å–µ–≥–æ–¥–Ω—è –∏ –ø–æ–ª—É—á–∏—Ç–µ 52538 ‚Ç∏ –∫—Ä–µ–¥–∏—Ç–∞!"
51,"[('–ü—Ä–µ–º–∏–∞–ª—å–Ω–∞—è –∫–∞—Ä—Ç–∞', 69149.06999999999), ('–ö—Ä–µ–¥–∏—Ç–Ω–∞—è –∫–∞—Ä—Ç–∞', 48348.47564999999), ('–î–µ–ø–æ–∑–∏—Ç –°–±–µ—Ä–µ–≥–∞—Ç–µ–ª—å–Ω—ã–π', 19649.12125), ('–ö–∞—Ä—Ç–∞ –¥–ª—è –ø—É—Ç–µ—à–µ—Å—Ç–≤–∏–π', 18460.8908)]",–ü—Ä–µ–º–∏–∞–ª—å–Ω–∞—è –∫–∞—Ä—Ç–∞,69149.06999999999,–ö—Ä–µ–¥–∏—Ç–Ω–∞—è –∫–∞—Ä—Ç–∞,48348.47564999999,–î–µ–ø–æ–∑–∏—Ç –°–±–µ—Ä–µ–≥–∞—Ç–µ–ª—å–Ω—ã–π,19649.12125,–ö–∞—Ä—Ç–∞ –¥–ª—è –ø—É—Ç–µ—à–µ—Å—Ç–≤–∏–π,18460.8908,"–ê–ª–µ–∫—Å–∞–Ω–¥—Ä, –≤–æ—Å–ø–æ–ª—å–∑—É–π—Ç–µ—Å—å –≤–æ–∑–º–æ–∂–Ω–æ—Å—Ç—è–º–∏ –ü—Ä–µ–º–∏–∞–ª—å–Ω–æ–π –∫–∞—Ä—Ç—ã –∏ —Å–æ—Ö—Ä–∞–Ω–∏—Ç–µ 69149‚Ç∏:
*–ü—Ä–µ–∏–º—É—â–µ—Å—Ç–≤–æ: –≠–∫—Å–∫–ª—é–∑–∏–≤–Ω—ã–µ –ø—Ä–µ–¥–ª–æ–∂–µ–Ω–∏—è –≤ food & entertainment.*–ê–∫—Ç–∏–≤–∏—Ä—É–π—Ç–µ –∫–∞—Ä—Ç—É."
6,"[('–ü—Ä–µ–º–∏–∞–ª—å–Ω–∞—è –∫–∞—Ä—Ç–∞', 53405.13740000001), ('–ö—Ä–µ–¥–∏—Ç–Ω–∞—è –∫–∞—Ä—Ç–∞', 50738.2794), ('–ö–∞—Ä—Ç–∞ –¥–ª—è –ø—É—Ç–µ—à–µ—Å—Ç–≤–∏–π', 27270.0668), ('–î–µ–ø–æ–∑–∏—Ç –°–±–µ—Ä–µ–≥–∞—Ç–µ–ª—å–Ω—ã–π', 1814.02375)]",–ü—Ä–µ–º–∏–∞–ª—å–Ω–∞—è –∫–∞—Ä—Ç–∞,53405.13740000001,–ö—Ä–µ–¥–∏—Ç–Ω–∞—è –∫–∞—Ä—Ç–∞,50738.2794,–ö–∞—Ä—Ç–∞ –¥–ª—è –ø—É—Ç–µ—à–µ—Å—Ç–≤–∏–π,27270.0668,–î–µ–ø–æ–∑–∏—Ç –°–±–µ—Ä–µ–≥–∞—Ç–µ–ª—å–Ω—ã–π,1814.02375,"–ê–ª–µ–∫—Å–∞–Ω–¥—Ä, –≤–æ—Å–ø–æ–ª—å–∑—É–π—Ç–µ—Å—å –ø—Ä–µ–∏–º—É—â–µ—Å—Ç–≤–∞–º–∏ –í–∞—à–µ–π –ø—Ä–µ–º–∏–∞–ª—å–Ω–æ–π –∫–∞—Ä—Ç—ã –∏ —Å–æ—Ö—Ä–∞–Ω–∏—Ç–µ 53405‚Ç∏. –ê–∫—Ç–∏–≤–∏—Ä—É–π—Ç–µ –∫–∞—Ä—Ç—É —Å–µ–≥–æ–¥–Ω—è!"
32,"[('–ü—Ä–µ–º–∏–∞–ª—å–Ω–∞—è –∫–∞—Ä—Ç–∞', 91750.13909999999), ('–ö—Ä–µ–¥–∏—Ç–Ω–∞—è –∫–∞—Ä—Ç–∞', 70371.8199), ('–î–µ–ø–æ–∑–∏—Ç –°–±–µ—Ä–µ–≥–∞—Ç–µ–ª—å–Ω—ã–π', 31860.95), ('–î–µ–ø–æ–∑–∏—Ç –ù–∞–∫–æ–ø–∏—Ç–µ–ª—å–Ω—ã–π', 29929.983333333334)]",–ü—Ä–µ–º–∏–∞–ª—å–Ω–∞—è –∫–∞—Ä—Ç–∞,91750.13909999999,–ö—Ä–µ–¥–∏—Ç–Ω–∞—è –∫–∞—Ä—Ç–∞,70371.8199,–î–µ–ø–æ–∑–∏—Ç –°–±–µ—Ä–µ–≥–∞—Ç–µ–ª—å–Ω—ã–π,31860.95,–î–µ–ø–æ–∑–∏—Ç –ù–∞–∫–æ–ø–∏—Ç–µ–ª—å–Ω—ã–π,29929.983333333334,"–ö–∞–∫ –ø—Ä–µ–º–∏–∞–ª—å–Ω—ã–π –∫–ª–∏–µ–Ω—Ç, –≤—ã –º–æ–∂–µ—Ç–µ –ø–æ–ª—É—á–∏—Ç—å –µ—â–µ –±–æ–ª—å—à–µ –≤—ã–≥–æ–¥! üìà –ü—Ä–µ–º–∏–∞–ª—å–Ω–∞—è –∫–∞—Ä—Ç–∞ –ø—Ä–µ–¥–ª–∞–≥–∞–µ—Ç —Å–∫–∏–¥–∫—É –¥–æ 91750‚Ç∏ –Ω–∞ —Ä–∞–∑–≤–ª–µ—á–µ–Ω–∏—è –∏ –≥–∞—Å—Ç—Ä–æ–Ω–æ–º–∏–∏. –ù–µ –ø—Ä–æ–º–∞—Ö–Ω–∏—Ç–µ—Å—å - –∞–∫—Ç–∏–≤–∏—Ä—É–π—Ç–µ –∫–∞—Ä—Ç—É —Å–µ–≥–æ–¥–Ω—è!"
7,"[('–ü—Ä–µ–º–∏–∞–ª—å–Ω–∞—è –∫–∞—Ä—Ç–∞', 81054.65670000002), ('–î–µ–ø–æ–∑–∏—Ç –°–±–µ—Ä–µ–≥–∞—Ç–µ–ª—å–Ω—ã–π', 55563.70875), ('–î–µ–ø–æ–∑–∏—Ç –ù–∞–∫–æ–ø–∏—Ç–µ–ª—å–Ω—ã–π', 52196.21125), ('–î–µ–ø–æ–∑–∏—Ç –ú—É–ª—å—Ç–∏–≤–∞–ª—é—Ç–Ω—ã–π', 48828.713749999995)]",–ü—Ä–µ–º–∏–∞–ª—å–Ω–∞—è –∫–∞—Ä—Ç–∞,81054.65670000002,–î–µ–ø–æ–∑–∏—Ç –°–±–µ—Ä–µ–≥–∞—Ç–µ–ª—å–Ω—ã–π,55563.70875,–î–µ–ø–æ–∑–∏—Ç –ù–∞–∫–æ–ø–∏—Ç–µ–ª—å–Ω—ã–π,52196.21125,–î–µ–ø–æ–∑–∏—Ç –ú—É–ª—å—Ç–∏–≤–∞–ª—é—Ç–Ω—ã–π,48828.713749999995,"–û–ª–µ–≥, –≤–∞—à —Å—Ç–∞—Ç—É—Å –ø—Ä–µ–º–∏–∞–ª—å–Ω—ã–π. –°—ç–π—Ñ—Ñ–µ—Ä 81055 ‚Ç∏! –ê–∫—Ç–∏–≤–∏—Ä—É–π—Ç–µ –∫–∞—Ä—Ç—É –∏ –Ω–∞—Å–ª–∞–∂–¥–∞–π—Ç–µ—Å—å –ø—Ä–µ–∏–º—É—â–µ—Å—Ç–≤–∞–º–∏."
57,"[('–ü—Ä–µ–º–∏–∞–ª—å–Ω–∞—è –∫–∞—Ä—Ç–∞', 90229.9347), ('–ö—Ä–µ–¥–∏—Ç–Ω–∞—è –∫–∞—Ä—Ç–∞', 68692.1673), ('–î–µ–ø–æ–∑–∏—Ç –°–±–µ—Ä–µ–≥–∞—Ç–µ–ª—å–Ω—ã–π', 37918.43), ('–î–µ–ø–æ–∑–∏—Ç –ù–∞–∫–æ–ø–∏—Ç–µ–ª—å–Ω—ã–π', 35620.34333333333)]",–ü—Ä–µ–º–∏–∞–ª—å–Ω–∞—è –∫–∞—Ä—Ç–∞,90229.9347,–ö—Ä–µ–¥–∏—Ç–Ω–∞—è –∫–∞—Ä—Ç–∞,68692.1673,–î–µ–ø–æ–∑–∏—Ç –°–±–µ—Ä–µ–≥–∞—Ç–µ–ª—å–Ω—ã–π,37918.43,–î–µ–ø–æ–∑–∏—Ç –ù–∞–∫–æ–ø–∏—Ç–µ–ª—å–Ω—ã–π,35620.34333333333,"–ö–µ–Ω–∞–Ω, –≤–æ—Å–ø–æ–ª—å–∑—É–π—Ç–µ—Å—å —ç—Ç–æ–π —Å–ø–µ—Ü–ø—Ä–µ–¥–ª–æ–∂–µ–Ω–∏–µ–º: ""–í–∞—à —Å—Ç–∞—Ç—É—Å –ø—Ä–µ–º–∏–∞–ª—å–Ω—ã–π –¥–∞–µ—Ç ‚âà90230 ‚Ç∏ –ø—Ä–∏–≤–∏–ª–µ–≥–∏–π! –ê–∫—Ç–∏–≤–∏—Ä—É–π—Ç–µ –∫–∞—Ä—Ç—É —Å–µ–≥–æ–¥–Ω—è!"""
50,"[('–ü—Ä–µ–º–∏–∞–ª—å–Ω–∞—è –∫–∞—Ä—Ç–∞', 90637.1499), ('–ö—Ä–µ–¥–∏—Ç–Ω–∞—è –∫–∞—Ä—Ç–∞', 67961.2512), ('–î–µ–ø–æ–∑–∏—Ç –°–±–µ—Ä–µ–≥–∞—Ç–µ–ª—å–Ω—ã–π', 49138.33375), ('–î–µ–ø–æ–∑–∏—Ç –ù–∞–∫–æ–ø–∏—Ç–µ–ª—å–Ω—ã–π', 46160.252916666665)]",–ü—Ä–µ–º–∏–∞–ª—å–Ω–∞—è –∫–∞—Ä—Ç–∞,90637.1499,–ö—Ä–µ–¥–∏—Ç–Ω–∞—è –∫–∞—Ä—Ç–∞,67961.2512,–î–µ–ø–æ–∑–∏—Ç –°–±–µ—Ä–µ–≥–∞—Ç–µ–ª—å–Ω—ã–π,49138.33375,–î–µ–ø–æ–∑–∏—Ç –ù–∞–∫–æ–ø–∏—Ç–µ–ª—å–Ω—ã–π,46160.252916666665,"Ivan, –≤—ã–≥–æ–¥–∞ –æ—Ç –ü—Ä–µ–º–∏–∞–ª—å–Ω–æ–π –∫–∞—Ä—Ç—ã - 90637‚Ç∏! –ê–∫—Ç–∏–≤–∏—Ä—É–π—Ç–µ –∫–∞—Ä—Ç—É –∏ –Ω–∞—Å–ª–∞–∂–¥–∞–π—Ç–µ—Å—å –ø—Ä–µ–∏–º—É—â–µ—Å—Ç–≤–∞–º–∏."
36,"[('–ö—Ä–µ–¥–∏—Ç–Ω–∞—è –∫–∞—Ä—Ç–∞', 46524.53295), ('–ü—Ä–µ–º–∏–∞–ª—å–Ω–∞—è –∫–∞—Ä—Ç–∞', 44056.507000000005), ('–ö–∞—Ä—Ç–∞ –¥–ª—è –ø—É—Ç–µ—à–µ—Å—Ç–≤–∏–π', 15461.0116), ('–î–µ–ø–æ–∑–∏—Ç –°–±–µ—Ä–µ–≥–∞—Ç–µ–ª—å–Ω—ã–π', 9793.80875)]",–ö—Ä–µ–¥–∏—Ç–Ω–∞—è –∫–∞—Ä—Ç–∞,46524.53295,–ü—Ä–µ–º–∏–∞–ª—å–Ω–∞—è –∫–∞—Ä—Ç–∞,44056.507000000005,–ö–∞—Ä—Ç–∞ –¥–ª—è –ø—É—Ç–µ—à–µ—Å—Ç–≤–∏–π,15461.0116,–î–µ–ø–æ–∑–∏—Ç –°–±–µ—Ä–µ–≥–∞—Ç–µ–ª—å–Ω—ã–π,9793.80875,"–û—Ç–∫—Ä—ã–≤–∞–π—Ç–µ –Ω–æ–≤—ã–µ –≤–æ–∑–º–æ–∂–Ω–æ—Å—Ç–∏ —Å –∫—Ä–µ–¥–∏—Ç–Ω–æ–π –∫–∞—Ä—Ç–æ–π, –ò–≥–æ—Ä—å! –°—ç–∫–æ–Ω–æ–º—å—Ç–µ –¥–æ 46525‚Ç∏ –ø—Ä–∏ –ø–æ–∫—É–ø–∫–∞—Ö –∏ –æ–ø–ª–∞—Ç–µ —É—Å–ª—É–≥. –í—ã–≥–æ–¥–Ω—ã–π —Å—Ç–∞—Ç—É—Å –≤–∞—à–µ–≥–æ –∫–ª–∏–µ–Ω—Ç–∞ –ø–æ–∑–≤–æ–ª—è–µ—Ç –ø–æ–ª—É—á–∞—Ç—å –±–æ–Ω—É—Å—ã –∏ —Å–∫–∏–¥–∫–∏ –Ω–∞ –ø—Ä–æ–¥—É–∫—Ç—ã –ø–∏—Ç–∞–Ω–∏—è –∏ —Ä–∞–∑–≤–ª–µ—á–µ–Ω–∏—è. –ê–∫—Ç–∏–≤–∏—Ä—É–π—Ç–µ –∫–∞—Ä—Ç—É —Å–µ–≥–æ–¥–Ω—è!"
29,"[('–ü—Ä–µ–º–∏–∞–ª—å–Ω–∞—è –∫–∞—Ä—Ç–∞', 53582.066600000006), ('–ö—Ä–µ–¥–∏—Ç–Ω–∞—è –∫–∞—Ä—Ç–∞', 49100.70509999999), ('–ö–∞—Ä—Ç–∞ –¥–ª—è –ø—É—Ç–µ—à–µ—Å—Ç–≤–∏–π', 29919.5872), ('–î–µ–ø–æ–∑–∏—Ç –°–±–µ—Ä–µ–≥–∞—Ç–µ–ª—å–Ω—ã–π', 1216.69625)]",–ü—Ä–µ–º–∏–∞–ª—å–Ω–∞—è –∫–∞—Ä—Ç–∞,53582.066600000006,–ö—Ä–µ–¥–∏—Ç–Ω–∞—è –∫–∞—Ä—Ç–∞,49100.70509999999,–ö–∞—Ä—Ç–∞ –¥–ª—è –ø—É—Ç–µ—à–µ—Å—Ç–≤–∏–π,29919.5872,–î–µ–ø–æ–∑–∏—Ç –°–±–µ—Ä–µ–≥–∞—Ç–µ–ª—å–Ω—ã–π,1216.69625,"–ò–º—è –∫–ª–∏–µ–Ω—Ç–∞, –í–∞—à–µ —Å—Ç–∞—Ç—É—Å –∑–∞—Ä–ø–ª–∞—Ç–Ω—ã–π –∫–ª–∏–µ–Ω—Ç –∏ –≤—ã–≥–æ–¥–∞ 53582‚Ç∏ –Ω–∞ –≤–∞—à–µ–π –ø—Ä–µ–º–∏–∞–ª—å–Ω–æ–π –∫–∞—Ä—Ç–µ!
–ü—Ä–µ–∏–º—É—â–µ—Å—Ç–≤–æ: –ï–∂–µ–º–µ—Å—è—á–Ω–∞—è —Å–∫–∏–¥–∫–∞ 5% –≤ —Ä–µ—Å—Ç–æ—Ä–∞–Ω–∞—Ö –∏ —Ä–∞–∑–≤–ª–µ–∫–∞—Ç–µ–ª—å–Ω—ã—Ö –º–µ—Å—Ç–∞—Ö. –ê–∫—Ç–∏–≤–∏—Ä—É–π—Ç–µ –∫–∞—Ä—Ç—É —Å–µ–≥–æ–¥–Ω—è!"
54,"[('–ü—Ä–µ–º–∏–∞–ª—å–Ω–∞—è –∫–∞—Ä—Ç–∞', 100000.0), ('–ö—Ä–µ–¥–∏—Ç–Ω–∞—è –∫–∞—Ä—Ç–∞', 73322.0889), ('–î–µ–ø–æ–∑–∏—Ç –°–±–µ—Ä–µ–≥–∞—Ç–µ–ª—å–Ω—ã–π', 56145.2925), ('–î–µ–ø–æ–∑–∏—Ç –ù–∞–∫–æ–ø–∏—Ç–µ–ª—å–Ω—ã–π', 52742.5475)]",–ü—Ä–µ–º–∏–∞–ª—å–Ω–∞—è –∫–∞—Ä—Ç–∞,100000.0,–ö—Ä–µ–¥–∏—Ç–Ω–∞—è –∫–∞—Ä—Ç–∞,73322.0889,–î–µ–ø–æ–∑–∏—Ç –°–±–µ—Ä–µ–≥–∞—Ç–µ–ª—å–Ω—ã–π,56145.2925,–î–µ–ø–æ–∑–∏—Ç –ù–∞–∫–æ–ø–∏—Ç–µ–ª—å–Ω—ã–π,52742.5475,"–û—Ç–∫—Ä—ã–≤–∞–π—Ç–µ –º–∏—Ä –ø—Ä–µ–º–∏–∞–ª—å–Ω—ã—Ö –ø—Ä–∏–≤–∏–ª–µ–≥–∏–π, –°–∞–ª–∞—É—Ç–∏–Ω! üåü –í–æ–∑–º–æ–∂–Ω–æ—Å—Ç—å –ø–æ–ª—É—á–µ–Ω–∏—è –±–æ–Ω—É—Å–∞ –≤ —Ä–∞–∑–º–µ—Ä–µ 100¬†000 —Ç–µ–Ω–≥–µ. –ê–∫—Ç–∏–≤–∏—Ä—É–π—Ç–µ –∫–∞—Ä—Ç—É —Å–µ–≥–æ–¥–Ω—è!"
3,"[('–ö—Ä–µ–¥–∏—Ç–Ω–∞—è –∫–∞—Ä—Ç–∞', 35805.72795), ('–ü—Ä–µ–º–∏–∞–ª—å–Ω–∞—è –∫–∞—Ä—Ç–∞', 32745.306), ('–ö–∞—Ä—Ç–∞ –¥–ª—è –ø—É—Ç–µ—à–µ—Å—Ç–≤–∏–π', 12270.030400000001), ('–î–µ–ø–æ–∑–∏—Ç –°–±–µ—Ä–µ–≥–∞—Ç–µ–ª—å–Ω—ã–π', 867.845)]",–ö—Ä–µ–¥–∏—Ç–Ω–∞—è –∫–∞—Ä—Ç–∞,35805.72795,–ü—Ä–µ–º–∏–∞–ª—å–Ω–∞—è –∫–∞—Ä—Ç–∞,32745.306,–ö–∞—Ä—Ç–∞ –¥–ª—è –ø—É—Ç–µ—à–µ—Å—Ç–≤–∏–π,12270.030400000001,–î–µ–ø–æ–∑–∏—Ç –°–±–µ—Ä–µ–≥–∞—Ç–µ–ª—å–Ω—ã–π,867.845,"–ò–º—è –∫–ª–∏–µ–Ω—Ç–∞, —Å—Ç—É–¥–µ–Ω—Ç! üéì

–°–≤–æ—è –∫—Ä–µ–¥–∏—Ç–Ω–∞—è –∫–∞—Ä—Ç–∞ –¥–∞—Ä–∏–º –í–∞–º –Ω–∞ 35 806 ‚Ç∏.

–ì–ª–∞–≤–Ω–æ–µ –ø—Ä–µ–∏–º—É—â–µ—Å—Ç–≤–æ: –ø–æ–∫—É–ø–∫–∏ –≤ –ª—é–±–∏–º—ã—Ö –∫–∞—Ç–µ–≥–æ—Ä–∏—è—Ö ‚Äî entertainment –∏ food ‚Äî –±—É–¥—É—Ç —Å–æ–∫—Ä–∞—â–∞—Ç—å—Å—è –Ω–∞ 10%.

–ê–∫—Ç–∏–≤–∏—Ä—É–π—Ç–µ –∫–∞—Ä—Ç—É —Å–µ–≥–æ–¥–Ω—è!"
22,"[('–ö—Ä–µ–¥–∏—Ç–Ω–∞—è –∫–∞—Ä—Ç–∞', 50327.03655), ('–ü—Ä–µ–º–∏–∞–ª—å–Ω–∞—è –∫–∞—Ä—Ç–∞', 46125.197400000005), ('–ö–∞—Ä—Ç–∞ –¥–ª—è –ø—É—Ç–µ—à–µ—Å—Ç–≤–∏–π', 15085.0828), ('–î–µ–ø–æ–∑–∏—Ç –°–±–µ—Ä–µ–≥–∞—Ç–µ–ª—å–Ω—ã–π', 1065.2675)]",–ö—Ä–µ–¥–∏—Ç–Ω–∞—è –∫–∞—Ä—Ç–∞,50327.03655,–ü—Ä–µ–º–∏–∞–ª—å–Ω–∞—è –∫–∞—Ä—Ç–∞,46125.197400000005,–ö–∞—Ä—Ç–∞ –¥–ª—è –ø—É—Ç–µ—à–µ—Å—Ç–≤–∏–π,15085.0828,–î–µ–ø–æ–∑–∏—Ç –°–±–µ—Ä–µ–≥–∞—Ç–µ–ª—å–Ω—ã–π,1065.2675,"–ê—Ä–±–µ—Ç–æ–≤, –ø–æ–ª—É—á–∏—Ç–µ 5032‚Ç∏ –±–æ–Ω—É—Å—ã –Ω–∞ –≤–∞—à—É –ø—Ä–µ–º–∏–∞–ª—å–Ω—É—é –∫–∞—Ä—Ç—É! üöÄ

–í–∞—à —Å—Ç–∞—Ç—É—Å –ø—Ä–µ–º–∏–∞–ª—å–Ω—ã–π –ø–æ–∑–≤–æ–ª—è–µ—Ç –ø–æ–ª—É—á–∞—Ç—å –µ—â–µ –±–æ–ª—å—à–µ –≤—ã–≥–æ–¥. –ê–∫—Ç–∏–≤–∏—Ä—É–π—Ç–µ –∫–∞—Ä—Ç—É —Å–µ–≥–æ–¥–Ω—è! üéÅ"
2,"[('–ü—Ä–µ–º–∏–∞–ª—å–Ω–∞—è –∫–∞—Ä—Ç–∞', 78698.16960000001), ('–ö—Ä–µ–¥–∏—Ç–Ω–∞—è –∫–∞—Ä—Ç–∞', 50380.46100000001), ('–ö–∞—Ä—Ç–∞ –¥–ª—è –ø—É—Ç–µ—à–µ—Å—Ç–≤–∏–π', 24653.228800000004), ('–î–µ–ø–æ–∑–∏—Ç –°–±–µ—Ä–µ–≥–∞—Ç–µ–ª—å–Ω—ã–π', 21684.75375)]",–ü—Ä–µ–º–∏–∞–ª—å–Ω–∞—è –∫–∞—Ä—Ç–∞,78698.16960000001,–ö—Ä–µ–¥–∏—Ç–Ω–∞—è –∫–∞—Ä—Ç–∞,50380.46100000001,–ö–∞—Ä—Ç–∞ –¥–ª—è –ø—É—Ç–µ—à–µ—Å—Ç–≤–∏–π,24653.228800000004,–î–µ–ø–æ–∑–∏—Ç –°–±–µ—Ä–µ–≥–∞—Ç–µ–ª—å–Ω—ã–π,21684.75375,"–î–æ—Ä–æ–≥–æ–π –ú–∞—Ä—Å–µ–ª—å, –≤–æ—Å–ø–æ–ª—å–∑—É–π—Ç–µ—Å—å –ø—Ä–µ–∏–º—É—â–µ—Å—Ç–≤–æ–º –ø—Ä–µ–º–∏–∞–ª—å–Ω–æ–≥–æ —Å—Ç–∞—Ç—É—Å–∞ –∏ —Å–æ—Ö—Ä–∞–Ω–∏—Ç–µ 78698‚Ç∏. –ê–∫—Ç–∏–≤–∏—Ä—É–π—Ç–µ –∫–∞—Ä—Ç—É —Å–µ–≥–æ–¥–Ω—è!"
55,"[('–ü—Ä–µ–º–∏–∞–ª—å–Ω–∞—è –∫–∞—Ä—Ç–∞', 81742.10699999999), ('–ö—Ä–µ–¥–∏—Ç–Ω–∞—è –∫–∞—Ä—Ç–∞', 60408.1332), ('–î–µ–ø–æ–∑–∏—Ç –°–±–µ—Ä–µ–≥–∞—Ç–µ–ª—å–Ω—ã–π', 48186.09125), ('–î–µ–ø–æ–∑–∏—Ç –ù–∞–∫–æ–ø–∏—Ç–µ–ª—å–Ω—ã–π', 45265.722083333334)]",–ü—Ä–µ–º–∏–∞–ª—å–Ω–∞—è –∫–∞—Ä—Ç–∞,81742.10699999999,–ö—Ä–µ–¥–∏—Ç–Ω–∞—è –∫–∞—Ä—Ç–∞,60408.1332,–î–µ–ø–æ–∑–∏—Ç –°–±–µ—Ä–µ–≥–∞—Ç–µ–ª—å–Ω—ã–π,48186.09125,–î–µ–ø–æ–∑–∏—Ç –ù–∞–∫–æ–ø–∏—Ç–µ–ª—å–Ω—ã–π,45265.722083333334,"Ivan, –≤—ã–≥–æ–¥–∞ –æ—Ç –ü—Ä–µ–º–∏–∞–ª—å–Ω–æ–π –∫–∞—Ä—Ç—ã —Å–æ—Å—Ç–∞–≤–ª—è–µ—Ç ‚âà81742 ‚Ç∏!

–ö–∞–∫ –ø—Ä–µ–º–∏–∞–ª—å–Ω—ã–π –∫–ª–∏–µ–Ω—Ç, –≤–æ—Å–ø–æ–ª—å–∑—É–π—Ç–µ—Å—å —ç—Ç–∏–º –ø—Ä–µ–∏–º—É—â–µ—Å—Ç–≤–æ–º –∏ –∞–∫—Ç–∏–≤–∏—Ä—É–π—Ç–µ –∫–∞—Ä—Ç—É."
35,"[('–ü—Ä–µ–º–∏–∞–ª—å–Ω–∞—è –∫–∞—Ä—Ç–∞', 89420.12130000001), ('–ö—Ä–µ–¥–∏—Ç–Ω–∞—è –∫–∞—Ä—Ç–∞', 68408.1621), ('–î–µ–ø–æ–∑–∏—Ç –°–±–µ—Ä–µ–≥–∞—Ç–µ–ª—å–Ω—ã–π', 19920.95875), ('–î–µ–ø–æ–∑–∏—Ç –ù–∞–∫–æ–ø–∏—Ç–µ–ª—å–Ω—ã–π', 18713.627916666668)]",–ü—Ä–µ–º–∏–∞–ª—å–Ω–∞—è –∫–∞—Ä—Ç–∞,89420.12130000001,–ö—Ä–µ–¥–∏—Ç–Ω–∞—è –∫–∞—Ä—Ç–∞,68408.1621,–î–µ–ø–æ–∑–∏—Ç –°–±–µ—Ä–µ–≥–∞—Ç–µ–ª—å–Ω—ã–π,19920.95875,–î–µ–ø–æ–∑–∏—Ç –ù–∞–∫–æ–ø–∏—Ç–µ–ª—å–Ω—ã–π,18713.627916666668,"–î–∞—Ä—å—è, –≤–æ–∑–º–æ–∂–Ω–æ—Å—Ç—å –ø–æ–ª—É—á–∏—Ç—å –±–æ–Ω—É—Å 89 420 —Ç–µ–Ω–≥–µ! –ö–∞–∫ –ø—Ä–µ–º–∏–∞–ª—å–Ω—ã–π –∫–ª–∏–µ–Ω—Ç, –Ω–µ —É–ø—É—Å—Ç–∏—Ç–µ —ç—Ç–æ—Ç —à–∞–Ω—Å. –ê–∫—Ç–∏–≤–∏—Ä—É–π—Ç–µ –∫–∞—Ä—Ç—É —Å–µ–≥–æ–¥–Ω—è!"
31,"[('–ü—Ä–µ–º–∏–∞–ª—å–Ω–∞—è –∫–∞—Ä—Ç–∞', 70296.26670000001), ('–ö—Ä–µ–¥–∏—Ç–Ω–∞—è –∫–∞—Ä—Ç–∞', 50212.94835), ('–ö–∞—Ä—Ç–∞ –¥–ª—è –ø—É—Ç–µ—à–µ—Å—Ç–≤–∏–π', 21675.731200000002), ('–î–µ–ø–æ–∑–∏—Ç –°–±–µ—Ä–µ–≥–∞—Ç–µ–ª—å–Ω—ã–π', 17927.91)]",–ü—Ä–µ–º–∏–∞–ª—å–Ω–∞—è –∫–∞—Ä—Ç–∞,70296.26670000001,–ö—Ä–µ–¥–∏—Ç–Ω–∞—è –∫–∞—Ä—Ç–∞,50212.94835,–ö–∞—Ä—Ç–∞ –¥–ª—è –ø—É—Ç–µ—à–µ—Å—Ç–≤–∏–π,21675.731200000002,–î–µ–ø–æ–∑–∏—Ç –°–±–µ—Ä–µ–≥–∞—Ç–µ–ª—å–Ω—ã–π,17927.91,"–ê—Ä—Ç–µ–º, –≤–æ—Å–ø–æ–ª—å–∑—É–π—Ç–µ—Å—å —ç—Ç–æ–π –≤–æ–∑–º–æ–∂–Ω–æ—Å—Ç—å—é –∏ —Å—Ç–∞–Ω—å—Ç–µ –ø—Ä–µ–º–∏–∞–ª—å–Ω—ã–º –∫–ª–∏–µ–Ω—Ç–æ–º. –ì–¥–µ-—Ç–æ —Å—É—â–µ—Å—Ç–≤—É–µ—Ç –≤—ã–≥–æ–¥–∞ –¥–ª—è –≤–∞—Å –≤ —Ä–∞–∑–º–µ—Ä–µ 70296‚Ç∏. –ê–∫—Ç–∏–≤–∏—Ä—É–π—Ç–µ –∫–∞—Ä—Ç—É —Å–µ–≥–æ–¥–Ω—è!"
25,"[('–ö—Ä–µ–¥–∏—Ç–Ω–∞—è –∫–∞—Ä—Ç–∞', 46524.268800000005), ('–ü—Ä–µ–º–∏–∞–ª—å–Ω–∞—è –∫–∞—Ä—Ç–∞', 44802.22779999999), ('–ö–∞—Ä—Ç–∞ –¥–ª—è –ø—É—Ç–µ—à–µ—Å—Ç–≤–∏–π', 19468.2452), ('–î–µ–ø–æ–∑–∏—Ç –°–±–µ—Ä–µ–≥–∞—Ç–µ–ª—å–Ω—ã–π', 764.9675)]",–ö—Ä–µ–¥–∏—Ç–Ω–∞—è –∫–∞—Ä—Ç–∞,46524.268800000005,–ü—Ä–µ–º–∏–∞–ª—å–Ω–∞—è –∫–∞—Ä—Ç–∞,44802.22779999999,–ö–∞—Ä—Ç–∞ –¥–ª—è –ø—É—Ç–µ—à–µ—Å—Ç–≤–∏–π,19468.2452,–î–µ–ø–æ–∑–∏—Ç –°–±–µ—Ä–µ–≥–∞—Ç–µ–ª—å–Ω—ã–π,764.9675,"–ê–ª–µ–∫—Å–∞–Ω–¥—Ä, –Ω–∞—Å–ª–∞–∂–¥–∞–π—Ç–µ—Å—å –ø—Ä–∏–≤–∏–ª–µ–≥–∏—è–º–∏ –ø—Ä–µ–º–∏–∞–ª—å–Ω–æ–≥–æ —Å—Ç–∞—Ç—É—Å–∞. –í–∞—à–∞ –∫–∞—Ä—Ç–∞ –ø—Ä–∏–Ω–µ—Å–µ—Ç 46524‚Ç∏ –ø—Ä–∏ –æ–ø–ª–∞—Ç–µ —Ä–∞—Å—Ö–æ–¥–æ–≤ –≤ –∫–∞—Ç–µ–≥–æ—Ä–∏—è—Ö food –∏ entertainment. –ê–∫—Ç–∏–≤–∏—Ä—É–π—Ç–µ –∫–∞—Ä—Ç—É —Å–µ–≥–æ–¥–Ω—è!"
60,"[('–ö—Ä–µ–¥–∏—Ç–Ω–∞—è –∫–∞—Ä—Ç–∞', 49801.13505), ('–ü—Ä–µ–º–∏–∞–ª—å–Ω–∞—è –∫–∞—Ä—Ç–∞', 45995.633599999994), ('–ö–∞—Ä—Ç–∞ –¥–ª—è –ø—É—Ç–µ—à–µ—Å—Ç–≤–∏–π', 16516.2736), ('–î–µ–ø–æ–∑–∏—Ç –°–±–µ—Ä–µ–≥–∞—Ç–µ–ª—å–Ω—ã–π', 670.71125)]",–ö—Ä–µ–¥–∏—Ç–Ω–∞—è –∫–∞—Ä—Ç–∞,49801.13505,–ü—Ä–µ–º–∏–∞–ª—å–Ω–∞—è –∫–∞—Ä—Ç–∞,45995.633599999994,–ö–∞—Ä—Ç–∞ –¥–ª—è –ø—É—Ç–µ—à–µ—Å—Ç–≤–∏–π,16516.2736,–î–µ–ø–æ–∑–∏—Ç –°–±–µ—Ä–µ–≥–∞—Ç–µ–ª—å–Ω—ã–π,670.71125,"–û–ª–µ–≥, –≤—ã–≥–æ–¥–∞ –æ—Ç –∫—Ä–µ–¥–∏—Ç–Ω–æ–π –∫–∞—Ä—Ç—ã —Å–æ—Å—Ç–∞–≤–ª—è–µ—Ç 49 801 —Ç–µ–Ω–≥–µ! –ê–∫—Ç–∏–≤–∏—Ä—É–π—Ç–µ –∫–∞—Ä—Ç—É –∏ –ø–æ–ª—É—á–∏—Ç–µ –±–æ–Ω—É—Å—ã. –í–∞—à —Å—Ç–∞—Ç—É—Å –ø—Ä–µ–º–∏–∞–ª—å–Ω—ã–π."
21,"[('–ü—Ä–µ–º–∏–∞–ª—å–Ω–∞—è –∫–∞—Ä—Ç–∞', 66511.0632), ('–ö—Ä–µ–¥–∏—Ç–Ω–∞—è –∫–∞—Ä—Ç–∞', 48831.07005), ('–î–µ–ø–æ–∑–∏—Ç –°–±–µ—Ä–µ–≥–∞—Ç–µ–ª—å–Ω—ã–π', 24724.82375), ('–î–µ–ø–æ–∑–∏—Ç –ù–∞–∫–æ–ø–∏—Ç–µ–ª—å–Ω—ã–π', 23226.349583333333)]",–ü—Ä–µ–º–∏–∞–ª—å–Ω–∞—è –∫–∞—Ä—Ç–∞,66511.0632,–ö—Ä–µ–¥–∏—Ç–Ω–∞—è –∫–∞—Ä—Ç–∞,48831.07005,–î–µ–ø–æ–∑–∏—Ç –°–±–µ—Ä–µ–≥–∞—Ç–µ–ª—å–Ω—ã–π,24724.82375,–î–µ–ø–æ–∑–∏—Ç –ù–∞–∫–æ–ø–∏—Ç–µ–ª—å–Ω—ã–π,23226.349583333333,"–ê–Ω–∞—Å—Ç–∞—Å–∏—è, –≤—ã–≥–æ–¥–∞ –æ—Ç –ü—Ä–µ–º–∏–∞–ª—å–Ω–æ–π –∫–∞—Ä—Ç—ã —Å–æ—Å—Ç–∞–≤–ª—è–µ—Ç ‚âà66511 ‚Ç∏! –ö–∞–∫ –ø—Ä–µ–º–∏–∞–ª—å–Ω—ã–π –∫–ª–∏–µ–Ω—Ç, –≤–æ—Å–ø–æ–ª—å–∑—É–π—Ç–µ—Å—å —ç—Ç–∏–º –ø—Ä–µ–∏–º—É—â–µ—Å—Ç–≤–æ–º. –ê–∫—Ç–∏–≤–∏—Ä—É–π—Ç–µ –∫–∞—Ä—Ç—É —Å–µ–≥–æ–¥–Ω—è!"
30,"[('–ü—Ä–µ–º–∏–∞–ª—å–Ω–∞—è –∫–∞—Ä—Ç–∞', 55809.90980000001), ('–ö—Ä–µ–¥–∏—Ç–Ω–∞—è –∫–∞—Ä—Ç–∞', 52107.9672), ('–ö–∞—Ä—Ç–∞ –¥–ª—è –ø—É—Ç–µ—à–µ—Å—Ç–≤–∏–π', 31361.853600000002), ('–î–µ–ø–æ–∑–∏—Ç –°–±–µ—Ä–µ–≥–∞—Ç–µ–ª—å–Ω—ã–π', 1437.60375)]",–ü—Ä–µ–º–∏–∞–ª—å–Ω–∞—è –∫–∞—Ä—Ç–∞,55809.90980000001,–ö—Ä–µ–¥–∏—Ç–Ω–∞—è –∫–∞—Ä—Ç–∞,52107.9672,–ö–∞—Ä—Ç–∞ –¥–ª—è –ø—É—Ç–µ—à–µ—Å—Ç–≤–∏–π,31361.853600000002,–î–µ–ø–æ–∑–∏—Ç –°–±–µ—Ä–µ–≥–∞—Ç–µ–ª—å–Ω—ã–π,1437.60375,"–ê–ª–µ–∫—Å–∞–Ω–¥—Ä, –≤–æ–∑–º–æ–∂–Ω–æ—Å—Ç—å –ø–æ–ª—É—á–µ–Ω–∏—è –±–æ–Ω—É—Å–∞ –≤ —Ä–∞–∑–º–µ—Ä–µ 55810 ‚Ç∏ –∂–¥–µ—Ç —Ç–µ—Ö, –∫—Ç–æ –æ–±–ª–∞–¥–∞–µ—Ç –ø—Ä–µ–º–∏–∞–ª—å–Ω–æ–π –∫–∞—Ä—Ç–æ–π. –ê–∫—Ç–∏–≤–∏—Ä—É–π—Ç–µ –∫–∞—Ä—Ç—É –∏ –∑–∞–≤–µ–¥–∏—Ç–µ—Å—å."
24,"[('–ö—Ä–µ–¥–∏—Ç–Ω–∞—è –∫–∞—Ä—Ç–∞', 52840.180499999995), ('–ü—Ä–µ–º–∏–∞–ª—å–Ω–∞—è –∫–∞—Ä—Ç–∞', 50154.777), ('–ö–∞—Ä—Ç–∞ –¥–ª—è –ø—É—Ç–µ—à–µ—Å—Ç–≤–∏–π', 17864.2596), ('–î–µ–ø–æ–∑–∏—Ç –°–±–µ—Ä–µ–≥–∞—Ç–µ–ª—å–Ω—ã–π', 739.54375)]",–ö—Ä–µ–¥–∏—Ç–Ω–∞—è –∫–∞—Ä—Ç–∞,52840.180499999995,–ü—Ä–µ–º–∏–∞–ª—å–Ω–∞—è –∫–∞—Ä—Ç–∞,50154.777,–ö–∞—Ä—Ç–∞ –¥–ª—è –ø—É—Ç–µ—à–µ—Å—Ç–≤–∏–π,17864.2596,–î–µ–ø–æ–∑–∏—Ç –°–±–µ—Ä–µ–≥–∞—Ç–µ–ª—å–Ω—ã–π,739.54375,"Ivan, –≤—ã –∑–∞—Ä–∞–±–æ—Ç–∞–ª–∏ 52840‚Ç∏ –±–æ–Ω—É—Å–∞! üåü

–ö–∞–∫ –ø—Ä–µ–º–∏–∞–ª—å–Ω—ã–π –∫–ª–∏–µ–Ω—Ç, –≤–æ—Å–ø–æ–ª—å–∑—É–π—Ç–µ—Å—å —ç—Ç–æ–π –∫–∞—Ä—Ç–æ–π –∏ –ø–æ–ª—É—á–∏—Ç–µ –µ—â–µ –±–æ–ª—å—à—É—é –≤—ã–≥–æ–¥—É. –ê–∫—Ç–∏–≤–∏—Ä—É–π—Ç–µ –∫–∞—Ä—Ç—É —Å–µ–≥–æ–¥–Ω—è."
45,"[('–î–µ–ø–æ–∑–∏—Ç –°–±–µ—Ä–µ–≥–∞—Ç–µ–ª—å–Ω—ã–π', 997.59), ('–î–µ–ø–æ–∑–∏—Ç –ù–∞–∫–æ–ø–∏—Ç–µ–ª—å–Ω—ã–π', 937.13), ('–î–µ–ø–æ–∑–∏—Ç –ú—É–ª—å—Ç–∏–≤–∞–ª—é—Ç–Ω—ã–π', 876.67), ('–ò–Ω–≤–µ—Å—Ç–∏—Ü–∏–∏', 604.6)]",–î–µ–ø–æ–∑–∏—Ç –°–±–µ—Ä–µ–≥–∞—Ç–µ–ª—å–Ω—ã–π,997.59,–î–µ–ø–æ–∑–∏—Ç –ù–∞–∫–æ–ø–∏—Ç–µ–ª—å–Ω—ã–π,937.13,–î–µ–ø–æ–∑–∏—Ç –ú—É–ª—å—Ç–∏–≤–∞–ª—é—Ç–Ω—ã–π,876.67,–ò–Ω–≤–µ—Å—Ç–∏—Ü–∏–∏,604.6,"–ò–º—è –∫–ª–∏–µ–Ω—Ç–∞, –ê–ª–µ–∫—Å–∞–Ω–¥—Ä: –ø–æ–ª—É—á–∏—Ç–µ –±–æ–Ω—É—Å –≤ —Ä–∞–∑–º–µ—Ä–µ 998‚Ç∏ —Å –≤–∞—à–µ–≥–æ –¥–µ–ø–æ–∑–∏—Ç–∞ –°–±–µ—Ä–µ–≥–∞—Ç–µ–ª—å–Ω—ã–π. –ö–∞–∫ –ø—Ä–µ–º–∏–∞–ª—å–Ω—ã–π –∫–ª–∏–µ–Ω—Ç, –≤–æ—Å–ø–æ–ª—å–∑—É–π—Ç–µ—Å—å —ç—Ç–æ–π –≤–æ–∑–º–æ–∂–Ω–æ—Å—Ç—å—é –¥–ª—è –¥–æ–ø–æ–ª–Ω–∏—Ç–µ–ª—å–Ω–æ–π –≤—ã–≥–æ–¥—ã. –ê–∫—Ç–∏–≤–∏—Ä—É–π—Ç–µ –∫–∞—Ä—Ç—É —Å–µ–≥–æ–¥–Ω—è! üìà"
20,"[('–ö—Ä–µ–¥–∏—Ç–Ω–∞—è –∫–∞—Ä—Ç–∞', 48857.7129), ('–ü—Ä–µ–º–∏–∞–ª—å–Ω–∞—è –∫–∞—Ä—Ç–∞', 44261.7198), ('–ö–∞—Ä—Ç–∞ –¥–ª—è –ø—É—Ç–µ—à–µ—Å—Ç–≤–∏–π', 14662.788799999998), ('–î–µ–ø–æ–∑–∏—Ç –°–±–µ—Ä–µ–≥–∞—Ç–µ–ª—å–Ω—ã–π', 1945.83125)]",–ö—Ä–µ–¥–∏—Ç–Ω–∞—è –∫–∞—Ä—Ç–∞,48857.7129,–ü—Ä–µ–º–∏–∞–ª—å–Ω–∞—è –∫–∞—Ä—Ç–∞,44261.7198,–ö–∞—Ä—Ç–∞ –¥–ª—è –ø—É—Ç–µ—à–µ—Å—Ç–≤–∏–π,14662.788799999998,–î–µ–ø–æ–∑–∏—Ç –°–±–µ—Ä–µ–≥–∞—Ç–µ–ª—å–Ω—ã–π,1945.83125,"–ê–ª–µ–∫—Å–∞–Ω–¥—Ä, –≤—ã–≥–æ–Ω–∫–∞ –Ω–∞ –≤–∞—à—É –ö—Ä–µ–¥–∏—Ç–Ω—É—é –∫–∞—Ä—Ç—É: 48858‚Ç∏! –í–∞—à —Å—Ç–∞—Ç—É—Å –ø—Ä–µ–º–∏–∞–ª—å–Ω—ã–π. –ê–∫—Ç–∏–≤–∏—Ä—É–π—Ç–µ –∫–∞—Ä—Ç—É –∏ –ø–æ–ª—É—á–∏—Ç–µ –±–æ–Ω—É—Å—ã."
34,"[('–î–µ–ø–æ–∑–∏—Ç –°–±–µ—Ä–µ–≥–∞—Ç–µ–ª—å–Ω—ã–π', 1594.0375), ('–î–µ–ø–æ–∑–∏—Ç –ù–∞–∫–æ–ø–∏—Ç–µ–ª—å–Ω—ã–π', 1497.4291666666666), ('–î–µ–ø–æ–∑–∏—Ç –ú—É–ª—å—Ç–∏–≤–∞–ª—é—Ç–Ω—ã–π', 1400.8208333333332), ('–ò–Ω–≤–µ—Å—Ç–∏—Ü–∏–∏', 966.0833333333334)]",–î–µ–ø–æ–∑–∏—Ç –°–±–µ—Ä–µ–≥–∞—Ç–µ–ª—å–Ω—ã–π,1594.0375,–î–µ–ø–æ–∑–∏—Ç –ù–∞–∫–æ–ø–∏—Ç–µ–ª—å–Ω—ã–π,1497.4291666666666,–î–µ–ø–æ–∑–∏—Ç –ú—É–ª—å—Ç–∏–≤–∞–ª—é—Ç–Ω—ã–π,1400.8208333333332,–ò–Ω–≤–µ—Å—Ç–∏—Ü–∏–∏,966.0833333333334,"–ê–ª–µ–∫—Å–∞–Ω–¥—Ä, –≤—ã–≥–æ–Ω–∞ –∫–∞–∂–¥–∞—è –º–∏–Ω—É—Ç–∞. –°–±–µ—Ä–µ–≥–∞—Ç–µ–ª—å–Ω—ã–π –¥–µ–ø–æ–∑–∏—Ç –¥–∞–µ—Ç ‚âà1594‚Ç∏. –ê–∫—Ç–∏–≤–∏—Ä—É–π—Ç–µ –∫–∞—Ä—Ç—É!"
